Row_ID,Order_ID,Order_Date,Ship_Date,Ship_Mode,Customer_ID,Customer_Name,Segment,Country,City,State,Postal_Code,Region,Product_ID,Category,Sub_Category,Product_Name,Sales,Quantity,Discount,Profit
1,CA-2023-100001,2023-11-11,2023-11-11,Same Day,CG-10100,Customer_1,Home Office,United States,New York,New York,10024.0,North,TEC-PH-10001,Office Supplies,Appliances,Appliances Item 1,344.19,5,0.1,59.25
2,CA-2023-100002,2023-05-01,2023-05-01,Same Day,CG-10022,Customer_2,Corporate,United States,New York,New York,,North,TEC-PH-10002,Office Supplies,Labels,Labels Item 2,335.03,6,0.1,56.79
3,CA-2023-100003,2023-09-03,2023-09-03,Standard Class,CG-10135,Customer_3,Home Office,United States,New York,New York,10024.0,East,TEC-PH-10003,Technology,Phones,Phones Item 3,142.65,3,0.2,7.25
4,CA-2023-100004,2023-05-02,2023-05-02,Same Day,CG-10092,Customer_4,Consumer,United States,New York,New York,10024.0,West,TEC-PH-10004,Office Supplies,Binders,Binders Item 4,857.66,2,0.1,157.2
5,CA-2023-100005,2023-04-02,2023-04-02,Second Class,CG-10054,Customer_5,Home Office,United States,New York,New York,10024.0,North,TEC-PH-10005,Office Supplies,Appliances,Appliances Item 5,$62.60,1,0.2,1.46
6,CA-2023-100006,2023-08-14,2023-08-14,First Class,CG-10252,Customer_6,Corporate,United States,New York,New York,,East,TEC-PH-10006,Furniture,Chairs,Chairs Item 6,$388.06,2,0.1,49.47
7,CA-2023-100007,2023-12-13,2023-12-13,Standard Class,CG-10157,Customer_7,Corporate,United States,New York,New York,,North,TEC-PH-10007,Technology,Machines,Machines Item 7,$208.96,8,0.1,12.24
8,CA-2023-100008,2023-08-03,2023-08-03,First Class,CG-10289,Customer_8,Consumer,United States,New York,New York,10024.0,East,TEC-PH-10008,Technology,Phones,Phones Item 8,384.87,8,0.15,62.0
9,CA-2023-100009,2023-07-23,2023-07-23,Second Class,CG-10216,Customer_9,Consumer,United States,New York,New York,10024.0,South,TEC-PH-10009,Furniture,Bookcases,Bookcases Item 9,631.16,9,0.2,97.81
10,CA-2023-100010,2023-07-14,2023-07-14,First Class,CG-10283,Customer_10,Consumer,United States,New York,New York,10024.0,East,TEC-PH-10010,Furniture,Bookcases,Bookcases Item 10,135.69,3,0.0,6.81
11,CA-2023-100011,2023-04-05,2023-04-05,First Class,CG-10231,Customer_11,Consumer,United States,New York,New York,,South,TEC-PH-10011,Office Supplies,Binders,Binders Item 11,$71.32,7,0.0,2.83
12,CA-2023-100012,2023-02-10,2023-02-10,Standard Class,CG-10062,Customer_12,Consumer,United States,New York,New York,10024.0,West,TEC-PH-10012,Office Supplies,Art,Art Item 12,35.03,11,0.15,-2.48
13,CA-2023-100013,2023-01-01,2023-01-01,Standard Class,CG-10283,Customer_13,Corporate,United States,New York,New York,10024.0,West,TEC-PH-10013,Furniture,Furnishings,Furnishings Item 13,551.99,10,0.2,83.24
14,CA-2023-100014,2023-01-19,2023-01-19,Second Class,CG-10172,Customer_14,Home Office,United States,New York,New York,10024.0,East,TEC-PH-10014,Technology,Phones,Phones Item 14,$59.98,11,0.0,-3.93
15,CA-2023-100015,2023-07-02,2023-07-02,First Class,CG-10113,Customer_15,Consumer,United States,New York,New York,10024.0,West,TEC-PH-10015,Office Supplies,Labels,Labels Item 15,$144.31,1,0.1,-0.49
16,CA-2023-100016,2023-01-19,2023-01-19,Second Class,CG-10130,Customer_16,Corporate,United States,New York,New York,10024.0,North,TEC-PH-10016,Technology,Accessories,Accessories Item 16,$189.63,6,0.3,15.58
17,CA-2023-100017,2023-06-24,2023-06-24,Standard Class,CG-10098,Customer_17,Home Office,United States,New York,New York,10024.0,South,TEC-PH-10017,Furniture,Furnishings,Furnishings Item 17,293.79,11,0.15,43.88
18,CA-2023-100018,2023-04-19,2023-04-19,Second Class,CG-10147,Customer_18,Home Office,United States,New York,New York,10024.0,North,TEC-PH-10018,Office Supplies,Paper,Paper Item 18,66.61,3,0.2,-1.43
19,CA-2023-100019,2023-11-25,2023-11-25,Standard Class,CG-10151,Customer_19,Consumer,United States,New York,New York,10024.0,North,TEC-PH-10019,Office Supplies,Appliances,Appliances Item 19,141.7,7,0.1,2.11
20,CA-2023-100020,2023-01-16,2023-01-16,Second Class,CG-10140,Customer_20,Corporate,United States,New York,New York,10024.0,East,TEC-PH-10020,Furniture,Bookcases,Bookcases Item 20,"$1,021.69",4,0.2,168.3
21,CA-2023-100021,2023-08-01,2023-08-01,Same Day,CG-10116,Customer_21,Home Office,United States,New York,New York,10024.0,North,TEC-PH-10021,Office Supplies,Paper,Paper Item 21,316.29,3,0.2,28.49
22,CA-2023-100022,2023-02-14,2023-02-14,Second Class,CG-10194,Customer_22,Corporate,United States,New York,New York,10024.0,West,TEC-PH-10022,Furniture,Furnishings,Furnishings Item 22,$17.31,9,0.15,-26.1
23,CA-2023-100023,2023-08-07,2023-08-07,First Class,CG-10128,Customer_23,Consumer,United States,New York,New York,10024.0,West,TEC-PH-10023,Technology,Phones,Phones Item 23,$19.56,5,0.2,-10.72
24,CA-2023-100024,2023-06-08,2023-06-08,First Class,CG-10027,Customer_24,Home Office,United States,New York,New York,10024.0,South,TEC-PH-10024,Office Supplies,Storage,Storage Item 24,87.07,6,0.5,-5.25
25,CA-2023-100025,2023-03-04,2023-03-04,First Class,CG-10192,Customer_25,Home Office,United States,New York,New York,10024.0,West,TEC-PH-10025,Furniture,Chairs,Chairs Item 25,184.57,5,0.2,9.42
26,CA-2023-100026,2023-09-05,2023-09-05,Same Day,CG-10181,Customer_26,Corporate,United States,New York,New York,10024.0,West,TEC-PH-10026,Technology,Machines,Machines Item 26,784.39,5,0.5,72.03
27,CA-2023-100027,2023-02-25,2023-02-25,Second Class,CG-10223,Customer_27,Consumer,United States,New York,New York,10024.0,East,TEC-PH-10027,Technology,Machines,Machines Item 27,$136.57,7,0.0,17.12
28,CA-2023-100028,2023-10-02,2023-10-02,Second Class,CG-10273,Customer_28,Corporate,United States,New York,New York,10024.0,West,TEC-PH-10028,Office Supplies,Labels,Labels Item 28,253.63,6,0.1,38.86
29,CA-2023-100029,2023-09-24,2023-09-24,Standard Class,CG-10036,Customer_29,Home Office,United States,New York,New York,10024.0,South,TEC-PH-10029,Technology,Accessories,Accessories Item 29,101.89,7,0.1,-5.08
30,CA-2023-100030,2023-07-22,2023-07-22,First Class,CG-10153,Customer_30,Corporate,United States,New York,New York,,West,TEC-PH-10030,Technology,Machines,Machines Item 30,$412.15,3,0.2,53.07
31,CA-2023-100031,2023-06-11,2023-06-11,Same Day,CG-10101,Customer_31,Corporate,United States,New York,New York,10024.0,South,TEC-PH-10031,Furniture,Chairs,Chairs Item 31,507.25,1,0.2,83.31
32,CA-2023-100032,2023-03-23,2023-03-23,Same Day,CG-10144,Customer_32,Consumer,United States,New York,New York,10024.0,West,TEC-PH-10032,Technology,Machines,Machines Item 32,$167.78,6,0.3,15.98
33,CA-2023-100033,2023-10-05,2023-10-05,Second Class,CG-10117,Customer_33,Consumer,United States,New York,New York,,East,TEC-PH-10033,Furniture,Tables,Tables Item 33,$142.22,3,0.2,1.43
34,CA-2023-100034,2023-06-16,2023-06-16,Standard Class,CG-10237,Customer_34,Consumer,United States,New York,New York,10024.0,West,TEC-PH-10034,Office Supplies,Paper,Paper Item 34,29.99,10,0.0,-9.46
35,CA-2023-100035,2023-03-05,2023-03-05,Second Class,CG-10185,Customer_35,Home Office,United States,New York,New York,10024.0,West,TEC-PH-10035,Technology,Accessories,Accessories Item 35,158.03,7,0.15,18.36
36,CA-2023-100036,2023-10-26,2023-10-26,Same Day,CG-10039,Customer_36,Corporate,United States,New York,New York,10024.0,North,TEC-PH-10036,Technology,Accessories,Accessories Item 36,498.55,4,0.3,59.92
37,CA-2023-100037,2023-04-10,2023-04-10,Second Class,CG-10147,Customer_37,Home Office,United States,New York,New York,10024.0,North,TEC-PH-10037,Furniture,Tables,Tables Item 37,27.31,6,0.3,-22.96
38,CA-2023-100038,2023-11-20,2023-11-20,Same Day,CG-10178,Customer_38,Consumer,United States,New York,New York,10024.0,North,TEC-PH-10038,Technology,Machines,Machines Item 38,$59.46,8,0.1,6.11
39,CA-2023-100039,2023-10-11,2023-10-11,Same Day,CG-10285,Customer_39,Home Office,United States,New York,New York,,North,TEC-PH-10039,Technology,Phones,Phones Item 39,444.59,3,0.0,68.78
40,CA-2023-100040,2023-10-10,2023-10-10,Second Class,CG-10115,Customer_40,Consumer,United States,New York,New York,10024.0,South,TEC-PH-10040,Office Supplies,Labels,Labels Item 40,39.8,3,0.0,-12.64
41,CA-2023-100041,2023-09-04,2023-09-04,Second Class,CG-10192,Customer_41,Consumer,United States,New York,New York,10024.0,South,TEC-PH-10041,Furniture,Chairs,Chairs Item 41,$704.76,8,0.2,108.59
42,CA-2023-100042,2023-12-17,2023-12-17,First Class,CG-10013,Customer_42,Consumer,United States,New York,New York,10024.0,South,TEC-PH-10042,Office Supplies,Appliances,Appliances Item 42,389.49,8,0.5,23.8
43,CA-2023-100043,2023-11-19,2023-11-19,Standard Class,CG-10100,Customer_43,Consumer,United States,New York,New York,,South,TEC-PH-10043,Office Supplies,Paper,Paper Item 43,$206.07,4,0.0,32.33
44,CA-2023-100044,2023-05-05,2023-05-05,First Class,CG-10025,Customer_44,Consumer,United States,New York,New York,10024.0,West,TEC-PH-10044,Technology,Accessories,Accessories Item 44,111.16,4,0.15,3.46
45,CA-2023-100045,2023-10-07,2023-10-07,Second Class,CG-10223,Customer_45,Home Office,United States,New York,New York,,North,TEC-PH-10045,Technology,Machines,Machines Item 45,$395.01,7,0.3,32.56
46,CA-2023-100046,2023-01-06,2023-01-06,First Class,CG-10174,Customer_46,Home Office,United States,New York,New York,10024.0,East,TEC-PH-10046,Office Supplies,Art,Art Item 46,46.13,9,0.1,-16.79
47,CA-2023-100047,2023-03-08,2023-03-08,Same Day,CG-10145,Customer_47,Home Office,United States,New York,New York,10024.0,South,TEC-PH-10047,Furniture,Chairs,Chairs Item 47,321.25,5,0.3,42.35
48,CA-2023-100048,2023-07-27,2023-07-27,Second Class,CG-10019,Customer_48,Corporate,United States,New York,New York,10024.0,West,TEC-PH-10048,Technology,Phones,Phones Item 48,322.91,3,0.3,35.28
49,CA-2023-100049,2023-09-07,2023-09-07,Standard Class,CG-10190,Customer_49,Corporate,United States,New York,New York,10024.0,North,TEC-PH-10049,Office Supplies,Art,Art Item 49,173.09,10,0.2,22.49
50,CA-2023-100050,2023-05-16,2023-05-16,Second Class,CG-10213,Customer_50,Consumer,United States,New York,New York,10024.0,West,TEC-PH-10050,Technology,Phones,Phones Item 50,$78.27,6,0.1,10.19
51,CA-2023-100051,2023-01-21,2023-01-21,Second Class,CG-10259,Customer_51,Home Office,United States,New York,New York,10024.0,East,TEC-PH-10051,Technology,Machines,Machines Item 51,885.89,2,0.0,184.48
52,CA-2023-100052,2023-12-21,2023-12-21,Same Day,CG-10122,Customer_52,Corporate,United States,New York,New York,10024.0,West,TEC-PH-10052,Technology,Accessories,Accessories Item 52,766.0,8,0.5,67.87
53,CA-2023-100053,2023-11-22,2023-11-22,First Class,CG-10145,Customer_53,Corporate,United States,New York,New York,10024.0,South,TEC-PH-10053,Furniture,Furnishings,Furnishings Item 53,92.29,5,0.0,8.81
54,CA-2023-100054,2023-03-05,2023-03-05,First Class,CG-10010,Customer_54,Consumer,United States,New York,New York,10024.0,North,TEC-PH-10054,Technology,Machines,Machines Item 54,50.73,3,0.3,-20.7
55,CA-2023-100055,2023-01-11,2023-01-11,Standard Class,CG-10282,Customer_55,Consumer,United States,New York,New York,10024.0,North,TEC-PH-10055,Furniture,Bookcases,Bookcases Item 55,21.68,1,0.5,-22.88
56,CA-2023-100056,2023-01-21,2023-01-21,Same Day,CG-10006,Customer_56,Consumer,United States,New York,New York,10024.0,East,TEC-PH-10056,Furniture,Bookcases,Bookcases Item 56,470.55,2,0.0,88.15
57,CA-2023-100057,2023-10-10,2023-10-10,First Class,CG-10145,Customer_57,Corporate,United States,New York,New York,10024.0,North,TEC-PH-10057,Technology,Accessories,Accessories Item 57,$625.94,7,0.3,73.24
58,CA-2023-100058,2023-08-02,2023-08-02,Same Day,CG-10095,Customer_58,Home Office,United States,New York,New York,10024.0,North,TEC-PH-10058,Technology,Copiers,Copiers Item 58,$95.30,4,0.5,-16.47
59,CA-2023-100059,2023-06-12,2023-06-12,Standard Class,CG-10222,Customer_59,Corporate,United States,New York,New York,,South,TEC-PH-10059,Furniture,Tables,Tables Item 59,$384.95,11,0.1,49.92
60,CA-2023-100060,2023-11-19,2023-11-19,First Class,CG-10192,Customer_60,Home Office,United States,New York,New York,,East,TEC-PH-10060,Technology,Machines,Machines Item 60,151.41,5,0.3,2.33
61,CA-2023-100061,2023-04-25,2023-04-25,Second Class,CG-10030,Customer_61,Corporate,United States,New York,New York,10024.0,South,TEC-PH-10061,Furniture,Tables,Tables Item 61,139.5,11,0.15,-1.52
62,CA-2023-100062,2023-12-20,2023-12-20,Same Day,CG-10069,Customer_62,Consumer,United States,New York,New York,10024.0,North,TEC-PH-10062,Office Supplies,Paper,Paper Item 62,$54.77,8,0.0,-5.25
63,CA-2023-100063,2023-07-23,2023-07-23,Same Day,CG-10095,Customer_63,Corporate,United States,New York,New York,10024.0,North,TEC-PH-10063,Technology,Copiers,Copiers Item 63,265.87,11,0.15,31.29
64,CA-2023-100064,2023-03-21,2023-03-21,Standard Class,CG-10092,Customer_64,Home Office,United States,New York,New York,10024.0,West,TEC-PH-10064,Technology,Accessories,Accessories Item 64,196.02,2,0.3,20.38
65,CA-2023-100065,2023-10-13,2023-10-13,First Class,CG-10073,Customer_65,Consumer,United States,New York,New York,10024.0,South,TEC-PH-10065,Furniture,Chairs,Chairs Item 65,$206.12,10,0.5,8.57
66,CA-2023-100066,2023-04-01,2023-04-01,Same Day,CG-10113,Customer_66,Home Office,United States,New York,New York,10024.0,South,TEC-PH-10066,Office Supplies,Paper,Paper Item 66,194.18,11,0.3,24.84
67,CA-2023-100067,2023-11-24,2023-11-24,First Class,CG-10007,Customer_67,Corporate,United States,New York,New York,10024.0,South,TEC-PH-10067,Office Supplies,Labels,Labels Item 67,$371.73,8,0.1,49.92
68,CA-2023-100068,2023-03-15,2023-03-15,Same Day,CG-10119,Customer_68,Home Office,United States,New York,New York,10024.0,East,TEC-PH-10068,Office Supplies,Labels,Labels Item 68,22.74,2,0.1,-9.35
69,CA-2023-100069,2023-01-13,2023-01-13,Same Day,CG-10025,Customer_69,Consumer,United States,New York,New York,,North,TEC-PH-10069,Furniture,Bookcases,Bookcases Item 69,$74.39,10,0.5,0.19
70,CA-2023-100070,2023-08-17,2023-08-17,Same Day,CG-10083,Customer_70,Corporate,United States,New York,New York,10024.0,North,TEC-PH-10070,Office Supplies,Paper,Paper Item 70,37.73,6,0.1,-11.47
71,CA-2023-100071,2023-05-25,2023-05-25,Standard Class,CG-10150,Customer_71,Corporate,United States,New York,New York,10024.0,West,TEC-PH-10071,Technology,Copiers,Copiers Item 71,248.84,11,0.15,16.87
72,CA-2023-100072,2023-03-08,2023-03-08,Standard Class,CG-10036,Customer_72,Corporate,United States,New York,New York,10024.0,West,TEC-PH-10072,Furniture,Bookcases,Bookcases Item 72,$66.62,8,0.0,7.65
73,CA-2023-100073,2023-08-06,2023-08-06,First Class,CG-10062,Customer_73,Home Office,United States,New York,New York,,West,TEC-PH-10073,Furniture,Tables,Tables Item 73,$516.56,6,0.5,45.37
74,CA-2023-100074,2023-04-19,2023-04-19,Same Day,CG-10225,Customer_74,Corporate,United States,New York,New York,10024.0,West,TEC-PH-10074,Office Supplies,Storage,Storage Item 74,97.12,5,0.5,-18.52
75,CA-2023-100075,2023-04-13,2023-04-13,First Class,CG-10259,Customer_75,Corporate,United States,New York,New York,,South,TEC-PH-10075,Office Supplies,Paper,Paper Item 75,100.14,5,0.5,2.16
76,CA-2023-100076,2023-04-01,2023-04-01,First Class,CG-10101,Customer_76,Consumer,United States,New York,New York,,South,TEC-PH-10076,Furniture,Furnishings,Furnishings Item 76,31.37,2,0.3,-17.28
77,CA-2023-100077,2023-12-18,2023-12-18,Second Class,CG-10137,Customer_77,Corporate,United States,New York,New York,10024.0,East,TEC-PH-10077,Technology,Accessories,Accessories Item 77,147.69,1,0.3,-3.02
78,CA-2023-100078,2023-12-03,2023-12-03,Standard Class,CG-10165,Customer_78,Corporate,United States,New York,New York,,North,TEC-PH-10078,Office Supplies,Storage,Storage Item 78,$27.32,8,0.15,-19.77
79,CA-2023-100079,2023-08-07,2023-08-07,Same Day,CG-10014,Customer_79,Corporate,United States,New York,New York,10024.0,South,TEC-PH-10079,Office Supplies,Labels,Labels Item 79,126.12,10,0.0,5.67
80,CA-2023-100080,2023-07-02,2023-07-02,Second Class,CG-10104,Customer_80,Home Office,United States,New York,New York,10024.0,North,TEC-PH-10080,Technology,Copiers,Copiers Item 80,$159.39,1,0.0,21.18
81,CA-2023-100081,2023-01-20,2023-01-20,Second Class,CG-10231,Customer_81,Corporate,United States,New York,New York,10024.0,South,TEC-PH-10081,Office Supplies,Storage,Storage Item 81,116.17,3,0.1,14.52
82,CA-2023-100082,2023-06-02,2023-06-02,Second Class,CG-10005,Customer_82,Consumer,United States,New York,New York,10024.0,North,TEC-PH-10082,Technology,Copiers,Copiers Item 82,321.88,11,0.0,64.98
83,CA-2023-100083,2023-08-15,2023-08-15,Standard Class,CG-10136,Customer_83,Consumer,United States,New York,New York,10024.0,South,TEC-PH-10083,Technology,Copiers,Copiers Item 83,44.31,4,0.3,-1.36
84,CA-2023-100084,2023-10-11,2023-10-11,First Class,CG-10069,Customer_84,Consumer,United States,New York,New York,,West,TEC-PH-10084,Office Supplies,Appliances,Appliances Item 84,$333.27,3,0.15,43.18
85,CA-2023-100085,2023-12-26,2023-12-26,Standard Class,CG-10104,Customer_85,Corporate,United States,New York,New York,10024.0,West,TEC-PH-10085,Furniture,Tables,Tables Item 85,79.48,7,0.1,-12.95
86,CA-2023-100086,2023-05-08,2023-05-08,First Class,CG-10106,Customer_86,Home Office,United States,New York,New York,10024.0,East,TEC-PH-10086,Technology,Phones,Phones Item 86,687.5,4,0.2,96.25
87,CA-2023-100087,2023-07-01,2023-07-01,Second Class,CG-10101,Customer_87,Corporate,United States,New York,New York,10024.0,North,TEC-PH-10087,Office Supplies,Binders,Binders Item 87,35.12,8,0.0,-20.41
88,CA-2023-100088,2023-05-15,2023-05-15,Standard Class,CG-10137,Customer_88,Home Office,United States,New York,New York,10024.0,South,TEC-PH-10088,Furniture,Furnishings,Furnishings Item 88,649.08,6,0.15,101.6
89,CA-2023-100089,2023-06-02,2023-06-02,First Class,CG-10210,Customer_89,Consumer,United States,New York,New York,10024.0,South,TEC-PH-10089,Technology,Phones,Phones Item 89,45.34,4,0.0,-16.61
90,CA-2023-100090,2023-09-07,2023-09-07,Same Day,CG-10198,Customer_90,Home Office,United States,New York,New York,,West,TEC-PH-10090,Office Supplies,Paper,Paper Item 90,23.35,11,0.15,-6.84
91,CA-2023-100091,2023-01-07,2023-01-07,Standard Class,CG-10084,Customer_91,Home Office,United States,New York,New York,10024.0,North,TEC-PH-10091,Technology,Phones,Phones Item 91,$96.29,10,0.2,6.63
92,CA-2023-100092,2023-07-19,2023-07-19,First Class,CG-10211,Customer_92,Home Office,United States,New York,New York,10024.0,West,TEC-PH-10092,Furniture,Tables,Tables Item 92,1457.02,1,0.0,307.8
93,CA-2023-100093,2023-03-15,2023-03-15,Second Class,CG-10194,Customer_93,Consumer,United States,New York,New York,10024.0,North,TEC-PH-10093,Furniture,Chairs,Chairs Item 93,133.59,8,0.15,18.34
94,CA-2023-100094,2023-07-07,2023-07-07,First Class,CG-10288,Customer_94,Corporate,United States,New York,New York,10024.0,South,TEC-PH-10094,Technology,Copiers,Copiers Item 94,377.42,4,0.0,69.67
95,CA-2023-100095,2023-09-23,2023-09-23,First Class,CG-10255,Customer_95,Consumer,United States,New York,New York,,South,TEC-PH-10095,Office Supplies,Labels,Labels Item 95,21.43,2,0.3,-11.9
96,CA-2023-100096,2023-02-03,2023-02-03,Same Day,CG-10088,Customer_96,Consumer,United States,New York,New York,10024.0,East,TEC-PH-10096,Furniture,Chairs,Chairs Item 96,64.17,1,0.2,0.34
97,CA-2023-100097,2023-07-01,2023-07-01,First Class,CG-10085,Customer_97,Consumer,United States,New York,New York,,West,TEC-PH-10097,Furniture,Bookcases,Bookcases Item 97,53.02,7,0.1,5.17
98,CA-2023-100098,2023-04-11,2023-04-11,Second Class,CG-10195,Customer_98,Consumer,United States,New York,New York,10024.0,West,TEC-PH-10098,Technology,Accessories,Accessories Item 98,151.8,2,0.0,7.96
99,CA-2023-100099,2023-10-22,2023-10-22,Same Day,CG-10280,Customer_99,Corporate,United States,New York,New York,,South,TEC-PH-10099,Technology,Phones,Phones Item 99,$127.65,5,0.2,11.98
100,CA-2023-100100,2023-09-08,2023-09-08,Second Class,CG-10237,Customer_100,Corporate,United States,New York,New York,10024.0,East,TEC-PH-10100,Furniture,Furnishings,Furnishings Item 100,$174.22,1,0.1,28.93
101,CA-2023-100101,2023-02-23,2023-02-23,Standard Class,CG-10075,Customer_101,Home Office,United States,New York,New York,,South,TEC-PH-10101,Technology,Copiers,Copiers Item 101,$151.92,10,0.1,2.57
102,CA-2023-100102,2023-10-12,2023-10-12,First Class,CG-10117,Customer_102,Consumer,United States,New York,New York,,West,TEC-PH-10102,Technology,Copiers,Copiers Item 102,95.07,1,0.3,-6.64
103,CA-2023-100103,2023-09-21,2023-09-21,First Class,CG-10173,Customer_103,Home Office,United States,New York,New York,10024.0,North,TEC-PH-10103,Technology,Accessories,Accessories Item 103,532.65,8,0.1,85.45
104,CA-2023-100104,2023-01-19,2023-01-19,Standard Class,CG-10292,Customer_104,Corporate,United States,New York,New York,10024.0,South,TEC-PH-10104,Technology,Machines,Machines Item 104,152.06,2,0.2,-2.2
105,CA-2023-100105,2023-03-22,2023-03-22,Second Class,CG-10055,Customer_105,Home Office,United States,New York,New York,10024.0,East,TEC-PH-10105,Technology,Phones,Phones Item 105,124.89,1,0.15,10.93
106,CA-2023-100106,2023-11-17,2023-11-17,Second Class,CG-10201,Customer_106,Consumer,United States,New York,New York,10024.0,North,TEC-PH-10106,Furniture,Tables,Tables Item 106,$93.65,4,0.15,-2.36
107,CA-2023-100107,2023-03-03,2023-03-03,Second Class,CG-10229,Customer_107,Consumer,United States,New York,New York,,North,TEC-PH-10107,Technology,Phones,Phones Item 107,148.09,11,0.1,12.83
108,CA-2023-100108,2023-01-17,2023-01-17,Second Class,CG-10057,Customer_108,Corporate,United States,New York,New York,10024.0,South,TEC-PH-10108,Office Supplies,Labels,Labels Item 108,42.2,5,0.2,-17.76
109,CA-2023-100109,2023-06-16,2023-06-16,Second Class,CG-10200,Customer_109,Home Office,United States,New York,New York,10024.0,South,TEC-PH-10109,Office Supplies,Appliances,Appliances Item 109,$344.40,5,0.0,54.3
110,CA-2023-100110,2023-01-23,2023-01-23,Second Class,CG-10086,Customer_110,Home Office,United States,New York,New York,,East,TEC-PH-10110,Technology,Machines,Machines Item 110,"$1,113.89",10,0.1,200.84
111,CA-2023-100111,2023-02-20,2023-02-20,First Class,CG-10103,Customer_111,Home Office,United States,New York,New York,,North,TEC-PH-10111,Furniture,Bookcases,Bookcases Item 111,$103.22,8,0.1,4.89
112,CA-2023-100112,2023-07-23,2023-07-23,Same Day,CG-10039,Customer_112,Consumer,United States,New York,New York,10024.0,West,TEC-PH-10112,Office Supplies,Storage,Storage Item 112,$35.02,5,0.15,-6.95
113,CA-2023-100113,2023-10-12,2023-10-12,Second Class,CG-10227,Customer_113,Corporate,United States,New York,New York,10024.0,North,TEC-PH-10113,Technology,Machines,Machines Item 113,110.96,2,0.0,-2.74
114,CA-2023-100114,2023-04-17,2023-04-17,Standard Class,CG-10245,Customer_114,Consumer,United States,New York,New York,10024.0,East,TEC-PH-10114,Furniture,Bookcases,Bookcases Item 114,203.19,3,0.15,8.05
115,CA-2023-100115,2023-01-03,2023-01-03,Standard Class,CG-10142,Customer_115,Corporate,United States,New York,New York,10024.0,South,TEC-PH-10115,Office Supplies,Paper,Paper Item 115,150.22,7,0.2,3.0
116,CA-2023-100116,2023-09-15,2023-09-15,Standard Class,CG-10140,Customer_116,Corporate,United States,New York,New York,10024.0,South,TEC-PH-10116,Furniture,Furnishings,Furnishings Item 116,237.36,1,0.3,6.86
117,CA-2023-100117,2023-02-25,2023-02-25,First Class,CG-10052,Customer_117,Home Office,United States,New York,New York,,North,TEC-PH-10117,Technology,Phones,Phones Item 117,237.02,7,0.5,6.05
118,CA-2023-100118,2023-10-09,2023-10-09,Standard Class,CG-10259,Customer_118,Consumer,United States,New York,New York,10024.0,South,TEC-PH-10118,Technology,Accessories,Accessories Item 118,$458.94,10,0.15,76.41
119,CA-2023-100119,2023-01-27,2023-01-27,Second Class,CG-10178,Customer_119,Home Office,United States,New York,New York,10024.0,South,TEC-PH-10119,Technology,Phones,Phones Item 119,75.94,9,0.15,-5.73
120,CA-2023-100120,2023-09-04,2023-09-04,Second Class,CG-10098,Customer_120,Home Office,United States,New York,New York,10024.0,East,TEC-PH-10120,Technology,Machines,Machines Item 120,78.54,8,0.3,-6.33
121,CA-2023-100121,2023-09-15,2023-09-15,Same Day,CG-10025,Customer_121,Consumer,United States,New York,New York,10024.0,West,TEC-PH-10121,Office Supplies,Storage,Storage Item 121,563.99,9,0.1,85.12
122,CA-2023-100122,2023-02-06,2023-02-06,Standard Class,CG-10176,Customer_122,Home Office,United States,New York,New York,10024.0,West,TEC-PH-10122,Office Supplies,Binders,Binders Item 122,16.27,11,0.3,-3.71
123,CA-2023-100123,2023-08-02,2023-08-02,Same Day,CG-10237,Customer_123,Corporate,United States,New York,New York,10024.0,North,TEC-PH-10123,Technology,Phones,Phones Item 123,185.87,3,0.1,17.52
124,CA-2023-100124,2023-09-21,2023-09-21,Second Class,CG-10191,Customer_124,Home Office,United States,New York,New York,10024.0,North,TEC-PH-10124,Office Supplies,Appliances,Appliances Item 124,$519.91,9,0.3,54.14
125,CA-2023-100125,2023-11-21,2023-11-21,Second Class,CG-10039,Customer_125,Consumer,United States,New York,New York,10024.0,East,TEC-PH-10125,Office Supplies,Art,Art Item 125,$528.63,3,0.1,96.45
126,CA-2023-100126,2023-01-09,2023-01-09,Standard Class,CG-10223,Customer_126,Consumer,United States,New York,New York,10024.0,North,TEC-PH-10126,Furniture,Tables,Tables Item 126,89.83,2,0.3,-6.59
127,CA-2023-100127,2023-02-15,2023-02-15,Second Class,CG-10037,Customer_127,Corporate,United States,New York,New York,10024.0,West,TEC-PH-10127,Technology,Accessories,Accessories Item 127,98.29,7,0.1,3.66
128,CA-2023-100128,2023-06-26,2023-06-26,Same Day,CG-10210,Customer_128,Consumer,United States,New York,New York,10024.0,East,TEC-PH-10128,Furniture,Furnishings,Furnishings Item 128,383.49,1,0.1,59.09
129,CA-2023-100129,2023-06-15,2023-06-15,First Class,CG-10058,Customer_129,Home Office,United States,New York,New York,,West,TEC-PH-10129,Office Supplies,Art,Art Item 129,$49.84,7,0.3,2.12
130,CA-2023-100130,2023-07-11,2023-07-11,Same Day,CG-10288,Customer_130,Consumer,United States,New York,New York,10024.0,South,TEC-PH-10130,Furniture,Tables,Tables Item 130,736.96,3,0.3,87.14
131,CA-2023-100131,2023-12-21,2023-12-21,First Class,CG-10084,Customer_131,Home Office,United States,New York,New York,10024.0,South,TEC-PH-10131,Furniture,Furnishings,Furnishings Item 131,94.8,1,0.5,1.65
132,CA-2023-100132,2023-01-25,2023-01-25,Same Day,CG-10012,Customer_132,Home Office,United States,New York,New York,10024.0,East,TEC-PH-10132,Technology,Phones,Phones Item 132,$146.63,6,0.1,18.71
133,CA-2023-100133,2023-04-07,2023-04-07,First Class,CG-10181,Customer_133,Consumer,United States,New York,New York,10024.0,South,TEC-PH-10133,Office Supplies,Appliances,Appliances Item 133,$522.42,5,0.15,71.57
134,CA-2023-100134,2023-04-04,2023-04-04,Standard Class,CG-10166,Customer_134,Corporate,United States,New York,New York,10024.0,West,TEC-PH-10134,Furniture,Bookcases,Bookcases Item 134,170.02,7,0.0,17.22
135,CA-2023-100135,2023-01-08,2023-01-08,Standard Class,CG-10274,Customer_135,Consumer,United States,New York,New York,10024.0,South,TEC-PH-10135,Office Supplies,Labels,Labels Item 135,93.33,8,0.15,-12.16
136,CA-2023-100136,2023-12-06,2023-12-06,Standard Class,CG-10267,Customer_136,Home Office,United States,New York,New York,10024.0,East,TEC-PH-10136,Furniture,Tables,Tables Item 136,334.93,11,0.3,27.65
137,CA-2023-100137,2023-01-10,2023-01-10,Same Day,CG-10242,Customer_137,Consumer,United States,New York,New York,10024.0,West,TEC-PH-10137,Technology,Phones,Phones Item 137,226.52,6,0.5,14.66
138,CA-2023-100138,2023-06-07,2023-06-07,Second Class,CG-10166,Customer_138,Consumer,United States,New York,New York,10024.0,North,TEC-PH-10138,Furniture,Chairs,Chairs Item 138,122.94,1,0.3,11.97
139,CA-2023-100139,2023-11-03,2023-11-03,First Class,CG-10009,Customer_139,Home Office,United States,New York,New York,10024.0,South,TEC-PH-10139,Furniture,Tables,Tables Item 139,70.83,7,0.2,4.85
140,CA-2023-100140,2023-07-11,2023-07-11,Same Day,CG-10208,Customer_140,Corporate,United States,New York,New York,10024.0,South,TEC-PH-10140,Office Supplies,Paper,Paper Item 140,260.41,4,0.5,12000.0
141,CA-2023-100141,2023-11-18,2023-11-18,Second Class,CG-10012,Customer_141,Home Office,United States,New York,New York,10024.0,South,TEC-PH-10141,Furniture,Tables,Tables Item 141,272.91,9,0.2,24.74
142,CA-2023-100142,2023-08-23,2023-08-23,Standard Class,CG-10183,Customer_142,Home Office,United States,New York,New York,,North,TEC-PH-10142,Technology,Phones,Phones Item 142,$76.86,7,0.5,-4.97
143,CA-2023-100143,2023-12-10,2023-12-10,First Class,CG-10035,Customer_143,Home Office,United States,New York,New York,10024.0,South,TEC-PH-10143,Furniture,Tables,Tables Item 143,79.84,8,0.0,0.23
144,CA-2023-100144,2023-10-24,2023-10-24,Same Day,CG-10293,Customer_144,Consumer,United States,New York,New York,10024.0,East,TEC-PH-10144,Furniture,Bookcases,Bookcases Item 144,473.85,1,0.5,23.1
145,CA-2023-100145,2023-02-04,2023-02-04,Second Class,CG-10262,Customer_145,Corporate,United States,New York,New York,10024.0,West,TEC-PH-10145,Furniture,Furnishings,Furnishings Item 145,$519.41,9,0.2,85.68
146,CA-2023-100146,2023-05-15,2023-05-15,Standard Class,CG-10282,Customer_146,Corporate,United States,New York,New York,,South,TEC-PH-10146,Office Supplies,Storage,Storage Item 146,$126.24,3,0.3,2.8
147,CA-2023-100147,2023-09-22,2023-09-22,Same Day,CG-10111,Customer_147,Corporate,United States,New York,New York,10024.0,South,TEC-PH-10147,Furniture,Bookcases,Bookcases Item 147,903.54,7,0.3,112.79
148,CA-2023-100148,2023-12-02,2023-12-02,First Class,CG-10229,Customer_148,Corporate,United States,New York,New York,,West,TEC-PH-10148,Office Supplies,Paper,Paper Item 148,40.03,1,0.15,-5.32
149,CA-2023-100149,2023-10-10,2023-10-10,Same Day,CG-10257,Customer_149,Consumer,United States,New York,New York,,West,TEC-PH-10149,Technology,Machines,Machines Item 149,$82.63,11,0.1,9.52
150,CA-2023-100150,2023-05-15,2023-05-15,Standard Class,CG-10204,Customer_150,Consumer,United States,New York,New York,10024.0,North,TEC-PH-10150,Office Supplies,Appliances,Appliances Item 150,$60.69,4,0.2,4.76
151,CA-2023-100151,2023-02-09,2023-02-09,First Class,CG-10293,Customer_151,Home Office,United States,New York,New York,10024.0,West,TEC-PH-10151,Technology,Machines,Machines Item 151,521.75,11,0.3,74.49
152,CA-2023-100152,2023-01-19,2023-01-19,Second Class,CG-10012,Customer_152,Home Office,United States,New York,New York,10024.0,East,TEC-PH-10152,Technology,Phones,Phones Item 152,$165.46,5,0.15,18.04
153,CA-2023-100153,2023-09-07,2023-09-07,First Class,CG-10184,Customer_153,Home Office,United States,New York,New York,10024.0,West,TEC-PH-10153,Technology,Copiers,Copiers Item 153,$16.24,2,0.0,-17.41
154,CA-2023-100154,2023-07-08,2023-07-08,Second Class,CG-10129,Customer_154,Corporate,United States,New York,New York,10024.0,West,TEC-PH-10154,Furniture,Bookcases,Bookcases Item 154,52.6,4,0.1,0.37
155,CA-2023-100155,2023-10-11,2023-10-11,Second Class,CG-10114,Customer_155,Consumer,United States,New York,New York,10024.0,South,TEC-PH-10155,Technology,Machines,Machines Item 155,841.56,2,0.0,159.19
156,CA-2023-100156,2023-01-01,2023-01-01,First Class,CG-10287,Customer_156,Consumer,United States,New York,New York,10024.0,East,TEC-PH-10156,Furniture,Furnishings,Furnishings Item 156,$22.71,8,0.0,-17.24
157,CA-2023-100157,2023-09-01,2023-09-01,Standard Class,CG-10089,Customer_157,Consumer,United States,New York,New York,10024.0,North,TEC-PH-10157,Technology,Machines,Machines Item 157,43.18,2,0.1,-11.57
158,CA-2023-100158,2023-04-06,2023-04-06,First Class,CG-10082,Customer_158,Home Office,United States,New York,New York,10024.0,North,TEC-PH-10158,Technology,Phones,Phones Item 158,350.28,4,0.1,54.25
159,CA-2023-100159,2023-01-12,2023-01-12,Second Class,CG-10199,Customer_159,Home Office,United States,New York,New York,10024.0,North,TEC-PH-10159,Office Supplies,Storage,Storage Item 159,$132.77,6,0.0,16.0
160,CA-2023-100160,2023-10-11,2023-10-11,First Class,CG-10110,Customer_160,Consumer,United States,New York,New York,10024.0,North,TEC-PH-10160,Office Supplies,Appliances,Appliances Item 160,241.89,1,0.15,34.55
161,CA-2023-100161,2023-05-26,2023-05-26,Standard Class,CG-10012,Customer_161,Home Office,United States,New York,New York,10024.0,North,TEC-PH-10161,Furniture,Tables,Tables Item 161,210.42,8,0.1,24.68
162,CA-2023-100162,2023-12-27,2023-12-27,First Class,CG-10021,Customer_162,Home Office,United States,New York,New York,10024.0,West,TEC-PH-10162,Technology,Accessories,Accessories Item 162,140.37,7,0.5,-8.23
163,CA-2023-100163,2023-05-13,2023-05-13,Second Class,CG-10275,Customer_163,Home Office,United States,New York,New York,10024.0,West,TEC-PH-10163,Office Supplies,Art,Art Item 163,84.76,11,0.15,9.34
164,CA-2023-100164,2023-03-08,2023-03-08,Same Day,CG-10106,Customer_164,Consumer,United States,New York,New York,10024.0,West,TEC-PH-10164,Technology,Machines,Machines Item 164,98.82,11,0.3,-9.86
165,CA-2023-100165,2023-12-10,2023-12-10,First Class,CG-10159,Customer_165,Consumer,United States,New York,New York,10024.0,North,TEC-PH-10165,Furniture,Tables,Tables Item 165,$148.42,9,0.5,6.8
166,CA-2023-100166,2023-06-01,2023-06-01,Same Day,CG-10173,Customer_166,Corporate,United States,New York,New York,10024.0,North,TEC-PH-10166,Technology,Copiers,Copiers Item 166,639.51,4,0.2,105.38
167,CA-2023-100167,2023-09-15,2023-09-15,Second Class,CG-10121,Customer_167,Corporate,United States,New York,New York,10024.0,East,TEC-PH-10167,Office Supplies,Art,Art Item 167,442.58,6,0.2,67.19
168,CA-2023-100168,2023-07-10,2023-07-10,Standard Class,CG-10146,Customer_168,Consumer,United States,New York,New York,10024.0,East,TEC-PH-10168,Technology,Copiers,Copiers Item 168,$104.91,8,0.15,-6.66
169,CA-2023-100169,2023-01-23,2023-01-23,Standard Class,CG-10150,Customer_169,Corporate,United States,New York,New York,,East,TEC-PH-10169,Furniture,Chairs,Chairs Item 169,$56.51,1,0.15,-16.16
170,CA-2023-100170,2023-09-25,2023-09-25,Second Class,CG-10291,Customer_170,Home Office,United States,New York,New York,10024.0,West,TEC-PH-10170,Office Supplies,Storage,Storage Item 170,212.8,10,0.0,32.04
171,CA-2023-100171,2023-08-14,2023-08-14,First Class,CG-10068,Customer_171,Corporate,United States,New York,New York,10024.0,South,TEC-PH-10171,Furniture,Bookcases,Bookcases Item 171,162.55,9,0.0,30.37
172,CA-2023-100172,2023-03-09,2023-03-09,Same Day,CG-10070,Customer_172,Consumer,United States,New York,New York,,East,TEC-PH-10172,Furniture,Furnishings,Furnishings Item 172,$35.69,8,0.3,-21.86
173,CA-2023-100173,2023-08-18,2023-08-18,First Class,CG-10058,Customer_173,Corporate,United States,New York,New York,10024.0,West,TEC-PH-10173,Technology,Phones,Phones Item 173,291.86,11,0.3,33.17
174,CA-2023-100174,2023-04-08,2023-04-08,Second Class,CG-10036,Customer_174,Corporate,United States,New York,New York,10024.0,East,TEC-PH-10174,Furniture,Tables,Tables Item 174,$127.72,3,0.1,9.13
175,CA-2023-100175,2023-07-16,2023-07-16,Same Day,CG-10145,Customer_175,Consumer,United States,New York,New York,10024.0,East,TEC-PH-10175,Technology,Accessories,Accessories Item 175,61.73,10,0.5,-8.78
176,CA-2023-100176,2023-08-24,2023-08-24,Same Day,CG-10121,Customer_176,Home Office,United States,New York,New York,10024.0,North,TEC-PH-10176,Office Supplies,Labels,Labels Item 176,$142.42,8,0.5,-14.15
177,CA-2023-100177,2023-02-14,2023-02-14,Same Day,CG-10151,Customer_177,Home Office,United States,New York,New York,10024.0,South,TEC-PH-10177,Furniture,Tables,Tables Item 177,515.04,5,0.2,66.1
178,CA-2023-100178,2023-04-23,2023-04-23,Second Class,CG-10196,Customer_178,Corporate,United States,New York,New York,10024.0,North,TEC-PH-10178,Furniture,Chairs,Chairs Item 178,705.99,9,0.0,142.68
179,CA-2023-100179,2023-01-10,2023-01-10,Second Class,CG-10082,Customer_179,Home Office,United States,New York,New York,10024.0,South,TEC-PH-10179,Furniture,Bookcases,Bookcases Item 179,228.67,5,0.2,30.03
180,CA-2023-100180,2023-05-03,2023-05-03,Second Class,CG-10130,Customer_180,Corporate,United States,New York,New York,10024.0,South,TEC-PH-10180,Furniture,Furnishings,Furnishings Item 180,$334.51,3,0.2,33.41
181,CA-2023-100181,2023-04-14,2023-04-14,Standard Class,CG-10110,Customer_181,Corporate,United States,New York,New York,10024.0,South,TEC-PH-10181,Furniture,Furnishings,Furnishings Item 181,447.17,9,0.3,42.31
182,CA-2023-100182,2023-02-08,2023-02-08,Standard Class,CG-10025,Customer_182,Home Office,United States,New York,New York,10024.0,West,TEC-PH-10182,Furniture,Chairs,Chairs Item 182,$778.33,6,0.0,149.57
183,CA-2023-100183,2023-06-11,2023-06-11,Second Class,CG-10130,Customer_183,Consumer,United States,New York,New York,10024.0,West,TEC-PH-10183,Technology,Machines,Machines Item 183,703.98,4,0.1,127.44
184,CA-2023-100184,2023-02-24,2023-02-24,First Class,CG-10083,Customer_184,Home Office,United States,New York,New York,10024.0,North,TEC-PH-10184,Office Supplies,Storage,Storage Item 184,68.23,9,0.1,-3.61
185,CA-2023-100185,2023-04-07,2023-04-07,Same Day,CG-10273,Customer_185,Corporate,United States,New York,New York,10024.0,West,TEC-PH-10185,Technology,Phones,Phones Item 185,$92.10,7,0.2,-4.24
186,CA-2023-100186,2023-03-07,2023-03-07,First Class,CG-10092,Customer_186,Corporate,United States,New York,New York,10024.0,West,TEC-PH-10186,Technology,Machines,Machines Item 186,153.82,5,0.2,11.95
187,CA-2023-100187,2023-05-22,2023-05-22,Second Class,CG-10079,Customer_187,Corporate,United States,New York,New York,10024.0,North,TEC-PH-10187,Office Supplies,Art,Art Item 187,844.83,7,0.1,158.93
188,CA-2023-100188,2023-05-21,2023-05-21,Second Class,CG-10173,Customer_188,Home Office,United States,New York,New York,,West,TEC-PH-10188,Office Supplies,Binders,Binders Item 188,256.2,5,0.1,39.7
189,CA-2023-100189,2023-04-02,2023-04-02,Same Day,CG-10112,Customer_189,Home Office,United States,New York,New York,10024.0,North,TEC-PH-10189,Technology,Accessories,Accessories Item 189,166.46,4,0.3,8.43
190,CA-2023-100190,2023-09-17,2023-09-17,Same Day,CG-10129,Customer_190,Consumer,United States,New York,New York,10024.0,North,TEC-PH-10190,Office Supplies,Paper,Paper Item 190,$168.79,5,0.1,6.12
191,CA-2023-100191,2023-07-02,2023-07-02,Same Day,CG-10214,Customer_191,Corporate,United States,New York,New York,10024.0,South,TEC-PH-10191,Technology,Phones,Phones Item 191,$24.80,8,0.3,-21.81
192,CA-2023-100192,2023-01-23,2023-01-23,Standard Class,CG-10008,Customer_192,Home Office,United States,New York,New York,,West,TEC-PH-10192,Office Supplies,Paper,Paper Item 192,197.66,3,0.3,7.0
193,CA-2023-100193,2023-05-20,2023-05-20,Standard Class,CG-10232,Customer_193,Consumer,United States,New York,New York,10024.0,East,TEC-PH-10193,Technology,Accessories,Accessories Item 193,33.7,8,0.15,1.0
194,CA-2023-100194,2023-10-05,2023-10-05,Standard Class,CG-10008,Customer_194,Home Office,United States,New York,New York,10024.0,East,TEC-PH-10194,Furniture,Furnishings,Furnishings Item 194,728.19,3,0.2,114.29
195,CA-2023-100195,2023-02-03,2023-02-03,Standard Class,CG-10292,Customer_195,Consumer,United States,New York,New York,10024.0,West,TEC-PH-10195,Furniture,Bookcases,Bookcases Item 195,102.55,8,0.0,-6.84
196,CA-2023-100196,2023-12-27,2023-12-27,Same Day,CG-10258,Customer_196,Consumer,United States,New York,New York,10024.0,North,TEC-PH-10196,Furniture,Chairs,Chairs Item 196,203.92,2,0.1,15.41
197,CA-2023-100197,2023-09-08,2023-09-08,First Class,CG-10124,Customer_197,Corporate,United States,New York,New York,10024.0,East,TEC-PH-10197,Technology,Machines,Machines Item 197,49.27,1,0.1,-0.86
198,CA-2023-100198,2023-05-03,2023-05-03,Second Class,CG-10032,Customer_198,Corporate,United States,New York,New York,10024.0,West,TEC-PH-10198,Furniture,Tables,Tables Item 198,673.88,3,0.5,68.81
199,CA-2023-100199,2023-08-14,2023-08-14,Same Day,CG-10238,Customer_199,Consumer,United States,New York,New York,10024.0,West,TEC-PH-10199,Office Supplies,Paper,Paper Item 199,211.32,5,0.3,22.02
200,CA-2023-100200,2023-04-27,2023-04-27,Second Class,CG-10095,Customer_200,Home Office,United States,New York,New York,10024.0,South,TEC-PH-10200,Office Supplies,Labels,Labels Item 200,93.45,2,0.1,10.21
201,CA-2023-100201,2023-03-23,2023-03-23,Standard Class,CG-10030,Customer_201,Corporate,United States,New York,New York,10024.0,North,TEC-PH-10201,Office Supplies,Appliances,Appliances Item 201,210.35,1,0.15,26.9
202,CA-2023-100202,2023-01-12,2023-01-12,Standard Class,CG-10003,Customer_202,Consumer,United States,New York,New York,10024.0,West,TEC-PH-10202,Office Supplies,Paper,Paper Item 202,$58.61,10,0.1,6.37
203,CA-2023-100203,2023-11-02,2023-11-02,Standard Class,CG-10112,Customer_203,Home Office,United States,New York,New York,10024.0,South,TEC-PH-10203,Office Supplies,Binders,Binders Item 203,$108.10,5,0.5,-8.51
204,CA-2023-100204,2023-02-21,2023-02-21,Standard Class,CG-10020,Customer_204,Corporate,United States,New York,New York,10024.0,South,TEC-PH-10204,Furniture,Tables,Tables Item 204,23.99,1,0.5,-7.42
205,CA-2023-100205,2023-10-24,2023-10-24,Second Class,CG-10227,Customer_205,Home Office,United States,New York,New York,10024.0,West,TEC-PH-10205,Office Supplies,Labels,Labels Item 205,1417.19,4,0.3,197.16
206,CA-2023-100206,2023-09-13,2023-09-13,Same Day,CG-10273,Customer_206,Home Office,United States,New York,New York,,South,TEC-PH-10206,Furniture,Chairs,Chairs Item 206,$15.81,6,0.5,-12.15
207,CA-2023-100207,2023-08-02,2023-08-02,Second Class,CG-10082,Customer_207,Consumer,United States,New York,New York,10024.0,East,TEC-PH-10207,Technology,Copiers,Copiers Item 207,$231.87,7,0.2,21.79
208,CA-2023-100208,2023-10-06,2023-10-06,Standard Class,CG-10192,Customer_208,Corporate,United States,New York,New York,10024.0,East,TEC-PH-10208,Office Supplies,Paper,Paper Item 208,55.34,8,0.3,-15.13
209,CA-2023-100209,2023-01-27,2023-01-27,Same Day,CG-10251,Customer_209,Home Office,United States,New York,New York,,South,TEC-PH-10209,Technology,Machines,Machines Item 209,$347.48,1,0.1,54.52
210,CA-2023-100210,2023-11-15,2023-11-15,Second Class,CG-10047,Customer_210,Consumer,United States,New York,New York,10024.0,South,TEC-PH-10210,Technology,Machines,Machines Item 210,$62.63,6,0.2,-6.38
211,CA-2023-100211,2023-11-17,2023-11-17,Second Class,CG-10254,Customer_211,Consumer,United States,New York,New York,10024.0,South,TEC-PH-10211,Office Supplies,Paper,Paper Item 211,65.98,10,0.1,3.93
212,CA-2023-100212,2023-10-19,2023-10-19,Standard Class,CG-10049,Customer_212,Consumer,United States,New York,New York,10024.0,East,TEC-PH-10212,Furniture,Chairs,Chairs Item 212,396.48,3,0.1,52.18
213,CA-2023-100213,2023-08-25,2023-08-25,Same Day,CG-10297,Customer_213,Corporate,United States,New York,New York,10024.0,South,TEC-PH-10213,Technology,Machines,Machines Item 213,36.01,7,0.1,-20.6
214,CA-2023-100214,2023-06-07,2023-06-07,First Class,CG-10220,Customer_214,Consumer,United States,New York,New York,10024.0,West,TEC-PH-10214,Technology,Accessories,Accessories Item 214,$799.41,8,0.2,134.58
215,CA-2023-100215,2023-09-13,2023-09-13,Same Day,CG-10184,Customer_215,Corporate,United States,New York,New York,,West,TEC-PH-10215,Furniture,Furnishings,Furnishings Item 215,155.04,9,0.3,12.17
216,CA-2023-100216,2023-06-15,2023-06-15,Second Class,CG-10160,Customer_216,Consumer,United States,New York,New York,10024.0,East,TEC-PH-10216,Furniture,Tables,Tables Item 216,$121.13,2,0.0,2.35
217,CA-2023-100217,2023-02-05,2023-02-05,First Class,CG-10087,Customer_217,Corporate,United States,New York,New York,10024.0,South,TEC-PH-10217,Office Supplies,Art,Art Item 217,150.66,9,0.3,-6.33
218,CA-2023-100218,2023-02-21,2023-02-21,Same Day,CG-10086,Customer_218,Consumer,United States,New York,New York,10024.0,East,TEC-PH-10218,Technology,Accessories,Accessories Item 218,749.54,9,0.3,107.58
219,CA-2023-100219,2023-06-17,2023-06-17,Standard Class,CG-10098,Customer_219,Consumer,United States,New York,New York,10024.0,North,TEC-PH-10219,Technology,Machines,Machines Item 219,506.78,10,0.15,88.08
220,CA-2023-100220,2023-02-10,2023-02-10,Second Class,CG-10144,Customer_220,Corporate,United States,New York,New York,10024.0,North,TEC-PH-10220,Furniture,Tables,Tables Item 220,60.31,2,0.5,-19.62
221,CA-2023-100221,2023-03-17,2023-03-17,Same Day,CG-10032,Customer_221,Home Office,United States,New York,New York,10024.0,South,TEC-PH-10221,Technology,Accessories,Accessories Item 221,194.62,11,0.1,9.08
222,CA-2023-100222,2023-04-14,2023-04-14,First Class,CG-10168,Customer_222,Corporate,United States,New York,New York,10024.0,West,TEC-PH-10222,Furniture,Bookcases,Bookcases Item 222,365.72,8,0.3,34.83
223,CA-2023-100223,2023-04-03,2023-04-03,Second Class,CG-10167,Customer_223,Corporate,United States,New York,New York,10024.0,East,TEC-PH-10223,Furniture,Chairs,Chairs Item 223,$31.86,3,0.2,-12.86
224,CA-2023-100224,2023-10-08,2023-10-08,Same Day,CG-10297,Customer_224,Home Office,United States,New York,New York,10024.0,South,TEC-PH-10224,Technology,Accessories,Accessories Item 224,388.59,3,0.15,62.57
225,CA-2023-100225,2023-04-06,2023-04-06,Same Day,CG-10263,Customer_225,Consumer,United States,New York,New York,10024.0,East,TEC-PH-10225,Technology,Machines,Machines Item 225,$141.03,8,0.1,18.98
226,CA-2023-100226,2023-07-08,2023-07-08,Standard Class,CG-10176,Customer_226,Corporate,United States,New York,New York,10024.0,East,TEC-PH-10226,Technology,Accessories,Accessories Item 226,$61.24,6,0.0,-6.48
227,CA-2023-100227,2023-07-16,2023-07-16,Standard Class,CG-10063,Customer_227,Corporate,United States,New York,New York,10024.0,South,TEC-PH-10227,Furniture,Tables,Tables Item 227,501.01,9,0.2,64.68
228,CA-2023-100228,2023-07-27,2023-07-27,Standard Class,CG-10025,Customer_228,Consumer,United States,New York,New York,10024.0,South,TEC-PH-10228,Technology,Phones,Phones Item 228,112.53,6,0.1,6.59
229,CA-2023-100229,2023-09-20,2023-09-20,Second Class,CG-10134,Customer_229,Corporate,United States,New York,New York,10024.0,South,TEC-PH-10229,Technology,Machines,Machines Item 229,35.68,5,0.15,-3.01
230,CA-2023-100230,2023-06-03,2023-06-03,Same Day,CG-10286,Customer_230,Home Office,United States,New York,New York,10024.0,South,TEC-PH-10230,Technology,Accessories,Accessories Item 230,278.65,9,0.3,31.55
231,CA-2023-100231,2023-09-19,2023-09-19,First Class,CG-10075,Customer_231,Corporate,United States,New York,New York,10024.0,West,TEC-PH-10231,Technology,Machines,Machines Item 231,41.52,5,0.15,-0.79
232,CA-2023-100232,2023-02-02,2023-02-02,First Class,CG-10248,Customer_232,Home Office,United States,New York,New York,,North,TEC-PH-10232,Furniture,Chairs,Chairs Item 232,479.05,11,0.15,83.8
233,CA-2023-100233,2023-09-15,2023-09-15,Second Class,CG-10143,Customer_233,Consumer,United States,New York,New York,10024.0,North,TEC-PH-10233,Office Supplies,Labels,Labels Item 233,468.56,7,0.15,65.27
234,CA-2023-100234,2023-09-03,2023-09-03,Same Day,CG-10207,Customer_234,Consumer,United States,New York,New York,10024.0,North,TEC-PH-10234,Office Supplies,Paper,Paper Item 234,279.72,4,0.2,38.41
235,CA-2023-100235,2023-06-14,2023-06-14,Same Day,CG-10190,Customer_235,Home Office,United States,New York,New York,10024.0,East,TEC-PH-10235,Technology,Copiers,Copiers Item 235,$220.50,11,0.1,27.48
236,CA-2023-100236,2023-07-22,2023-07-22,Same Day,CG-10083,Customer_236,Home Office,United States,New York,New York,10024.0,South,TEC-PH-10236,Furniture,Bookcases,Bookcases Item 236,152.28,9,0.5,-11.2
237,CA-2023-100237,2023-11-23,2023-11-23,Standard Class,CG-10275,Customer_237,Consumer,United States,New York,New York,10024.0,East,TEC-PH-10237,Office Supplies,Binders,Binders Item 237,$472.30,7,0.5,28.79
238,CA-2023-100238,2023-01-24,2023-01-24,Same Day,CG-10089,Customer_238,Consumer,United States,New York,New York,,South,TEC-PH-10238,Furniture,Furnishings,Furnishings Item 238,$209.51,8,0.0,35.04
239,CA-2023-100239,2023-12-08,2023-12-08,Second Class,CG-10125,Customer_239,Home Office,United States,New York,New York,10024.0,North,TEC-PH-10239,Technology,Accessories,Accessories Item 239,342.56,9,0.2,53.68
240,CA-2023-100240,2023-11-14,2023-11-14,Second Class,CG-10255,Customer_240,Home Office,United States,New York,New York,10024.0,East,TEC-PH-10240,Technology,Machines,Machines Item 240,$35.57,1,0.5,-11.82
241,CA-2023-100241,2023-03-17,2023-03-17,Second Class,CG-10216,Customer_241,Consumer,United States,New York,New York,10024.0,West,TEC-PH-10241,Technology,Accessories,Accessories Item 241,349.44,9,0.3,48.0
242,CA-2023-100242,2023-06-08,2023-06-08,Standard Class,CG-10038,Customer_242,Corporate,United States,New York,New York,10024.0,East,TEC-PH-10242,Technology,Accessories,Accessories Item 242,157.55,9,0.15,2.15
243,CA-2023-100243,2023-03-22,2023-03-22,Same Day,CG-10194,Customer_243,Home Office,United States,New York,New York,10024.0,West,TEC-PH-10243,Technology,Accessories,Accessories Item 243,194.55,4,0.5,-3.27
244,CA-2023-100244,2023-12-06,2023-12-06,Second Class,CG-10283,Customer_244,Home Office,United States,New York,New York,10024.0,North,TEC-PH-10244,Office Supplies,Paper,Paper Item 244,145.63,6,0.0,26.97
245,CA-2023-100245,2023-04-24,2023-04-24,Standard Class,CG-10141,Customer_245,Consumer,United States,New York,New York,,North,TEC-PH-10245,Furniture,Chairs,Chairs Item 245,$175.13,3,0.5,-1.01
246,CA-2023-100246,2023-07-21,2023-07-21,Standard Class,CG-10192,Customer_246,Corporate,United States,New York,New York,10024.0,North,TEC-PH-10246,Technology,Copiers,Copiers Item 246,462.92,4,0.2,69.35
247,CA-2023-100247,2023-08-21,2023-08-21,First Class,CG-10059,Customer_247,Consumer,United States,New York,New York,10024.0,South,TEC-PH-10247,Office Supplies,Labels,Labels Item 247,141.47,5,0.0,10.7
248,CA-2023-100248,2023-01-08,2023-01-08,Same Day,CG-10019,Customer_248,Home Office,United States,New York,New York,10024.0,North,TEC-PH-10248,Technology,Accessories,Accessories Item 248,26.47,11,0.3,-24.16
249,CA-2023-100249,2023-08-25,2023-08-25,First Class,CG-10174,Customer_249,Consumer,United States,New York,New York,,North,TEC-PH-10249,Technology,Phones,Phones Item 249,107.54,10,0.2,-6.6
250,CA-2023-100250,2023-01-04,2023-01-04,Second Class,CG-10147,Customer_250,Consumer,United States,New York,New York,10024.0,East,TEC-PH-10250,Technology,Accessories,Accessories Item 250,246.46,2,0.1,40.94
251,CA-2023-100251,2023-09-10,2023-09-10,Second Class,CG-10266,Customer_251,Corporate,United States,New York,New York,10024.0,West,TEC-PH-10251,Technology,Phones,Phones Item 251,$111.81,9,0.1,0.42
252,CA-2023-100252,2023-05-02,2023-05-02,Standard Class,CG-10166,Customer_252,Consumer,United States,New York,New York,10024.0,North,TEC-PH-10252,Office Supplies,Labels,Labels Item 252,56.9,3,0.2,-10.93
253,CA-2023-100253,2023-10-05,2023-10-05,Standard Class,CG-10062,Customer_253,Consumer,United States,New York,New York,10024.0,South,TEC-PH-10253,Furniture,Furnishings,Furnishings Item 253,311.76,3,0.15,41.15
254,CA-2023-100254,2023-04-03,2023-04-03,Standard Class,CG-10073,Customer_254,Consumer,United States,New York,New York,10024.0,East,TEC-PH-10254,Office Supplies,Paper,Paper Item 254,32.44,5,0.5,-22.73
255,CA-2023-100255,2023-09-23,2023-09-23,Same Day,CG-10075,Customer_255,Corporate,United States,New York,New York,10024.0,West,TEC-PH-10255,Furniture,Tables,Tables Item 255,$136.22,3,0.2,4.49
256,CA-2023-100256,2023-05-07,2023-05-07,Same Day,CG-10056,Customer_256,Corporate,United States,New York,New York,10024.0,North,TEC-PH-10256,Furniture,Bookcases,Bookcases Item 256,320.69,1,0.1,54.33
257,CA-2023-100257,2023-11-11,2023-11-11,Standard Class,CG-10294,Customer_257,Consumer,United States,New York,New York,10024.0,East,TEC-PH-10257,Office Supplies,Appliances,Appliances Item 257,197.06,2,0.2,29.51
258,CA-2023-100258,2023-05-24,2023-05-24,Same Day,CG-10067,Customer_258,Corporate,United States,New York,New York,10024.0,West,TEC-PH-10258,Furniture,Furnishings,Furnishings Item 258,166.28,4,0.0,28.07
259,CA-2023-100259,2023-06-27,2023-06-27,Standard Class,CG-10245,Customer_259,Corporate,United States,New York,New York,10024.0,South,TEC-PH-10259,Furniture,Bookcases,Bookcases Item 259,664.7,11,0.1,116.72
260,CA-2023-100260,2023-04-18,2023-04-18,Same Day,CG-10201,Customer_260,Consumer,United States,New York,New York,10024.0,North,TEC-PH-10260,Technology,Copiers,Copiers Item 260,$795.43,5,0.15,121.54
261,CA-2023-100261,2023-09-17,2023-09-17,Standard Class,CG-10162,Customer_261,Corporate,United States,New York,New York,10024.0,East,TEC-PH-10261,Technology,Accessories,Accessories Item 261,138.36,6,0.2,-5.15
262,CA-2023-100262,2023-01-21,2023-01-21,Second Class,CG-10021,Customer_262,Home Office,United States,New York,New York,10024.0,East,TEC-PH-10262,Technology,Accessories,Accessories Item 262,125.09,2,0.3,9.4
263,CA-2023-100263,2023-02-11,2023-02-11,Same Day,CG-10273,Customer_263,Consumer,United States,New York,New York,10024.0,East,TEC-PH-10263,Office Supplies,Appliances,Appliances Item 263,$232.15,8,0.3,19.65
264,CA-2023-100264,2023-08-05,2023-08-05,Standard Class,CG-10101,Customer_264,Consumer,United States,New York,New York,10024.0,South,TEC-PH-10264,Furniture,Furnishings,Furnishings Item 264,408.18,3,0.3,39.59
265,CA-2023-100265,2023-07-05,2023-07-05,Standard Class,CG-10184,Customer_265,Corporate,United States,New York,New York,10024.0,North,TEC-PH-10265,Office Supplies,Storage,Storage Item 265,335.16,6,0.3,27.97
266,CA-2023-100266,2023-12-20,2023-12-20,Same Day,CG-10070,Customer_266,Corporate,United States,New York,New York,10024.0,West,TEC-PH-10266,Furniture,Tables,Tables Item 266,55.28,3,0.1,-18.58
267,CA-2023-100267,2023-09-19,2023-09-19,Second Class,CG-10179,Customer_267,Home Office,United States,New York,New York,10024.0,South,TEC-PH-10267,Furniture,Furnishings,Furnishings Item 267,71.8,8,0.15,-4.36
268,CA-2023-100268,2023-09-08,2023-09-08,Same Day,CG-10225,Customer_268,Home Office,United States,New York,New York,10024.0,West,TEC-PH-10268,Office Supplies,Binders,Binders Item 268,245.4,4,0.3,20.88
269,CA-2023-100269,2023-06-11,2023-06-11,First Class,CG-10054,Customer_269,Home Office,United States,New York,New York,10024.0,East,TEC-PH-10269,Office Supplies,Labels,Labels Item 269,22.82,7,0.1,-12.4
270,CA-2023-100270,2023-03-19,2023-03-19,Second Class,CG-10264,Customer_270,Corporate,United States,New York,New York,10024.0,West,TEC-PH-10270,Furniture,Chairs,Chairs Item 270,$116.39,3,0.5,-16.13
271,CA-2023-100271,2023-05-13,2023-05-13,Same Day,CG-10136,Customer_271,Home Office,United States,New York,New York,10024.0,East,TEC-PH-10271,Office Supplies,Labels,Labels Item 271,349.73,9,0.3,30.35
272,CA-2023-100272,2023-04-06,2023-04-06,First Class,CG-10072,Customer_272,Home Office,United States,New York,New York,10024.0,North,TEC-PH-10272,Technology,Accessories,Accessories Item 272,252.72,8,0.0,32.52
273,CA-2023-100273,2023-02-08,2023-02-08,Standard Class,CG-10162,Customer_273,Corporate,United States,New York,New York,10024.0,West,TEC-PH-10273,Technology,Phones,Phones Item 273,16.53,3,0.15,-23.63
274,CA-2023-100274,2023-03-08,2023-03-08,First Class,CG-10120,Customer_274,Corporate,United States,New York,New York,10024.0,South,TEC-PH-10274,Furniture,Furnishings,Furnishings Item 274,324.56,8,0.2,30.54
275,CA-2023-100275,2023-05-13,2023-05-13,Standard Class,CG-10053,Customer_275,Home Office,United States,New York,New York,10024.0,North,TEC-PH-10275,Office Supplies,Labels,Labels Item 275,176.77,1,0.0,17.88
276,CA-2023-100276,2023-06-20,2023-06-20,Same Day,CG-10160,Customer_276,Consumer,United States,New York,New York,10024.0,East,TEC-PH-10276,Technology,Copiers,Copiers Item 276,333.06,10,0.1,40.41
277,CA-2023-100277,2023-11-23,2023-11-23,Same Day,CG-10012,Customer_277,Consumer,United States,New York,New York,10024.0,South,TEC-PH-10277,Furniture,Furnishings,Furnishings Item 277,422.36,6,0.5,28.46
278,CA-2023-100278,2023-09-17,2023-09-17,Second Class,CG-10154,Customer_278,Corporate,United States,New York,New York,10024.0,South,TEC-PH-10278,Furniture,Tables,Tables Item 278,334.78,9,0.2,43.86
279,CA-2023-100279,2023-12-25,2023-12-25,Same Day,CG-10157,Customer_279,Home Office,United States,New York,New York,10024.0,North,TEC-PH-10279,Furniture,Tables,Tables Item 279,233.83,8,0.0,37.93
280,CA-2023-100280,2023-02-15,2023-02-15,First Class,CG-10141,Customer_280,Home Office,United States,New York,New York,10024.0,East,TEC-PH-10280,Technology,Phones,Phones Item 280,223.09,2,0.2,19.97
281,CA-2023-100281,2023-12-27,2023-12-27,Standard Class,CG-10120,Customer_281,Home Office,United States,New York,New York,10024.0,West,TEC-PH-10281,Furniture,Furnishings,Furnishings Item 281,38.38,10,0.1,-11.52
282,CA-2023-100282,2023-04-15,2023-04-15,Standard Class,CG-10094,Customer_282,Home Office,United States,New York,New York,10024.0,North,TEC-PH-10282,Office Supplies,Art,Art Item 282,289.44,1,0.2,42.7
283,CA-2023-100283,2023-12-09,2023-12-09,First Class,CG-10146,Customer_283,Consumer,United States,New York,New York,10024.0,West,TEC-PH-10283,Office Supplies,Storage,Storage Item 283,27.35,5,0.5,-25.91
284,CA-2023-100284,2023-02-16,2023-02-16,Standard Class,CG-10166,Customer_284,Home Office,United States,New York,New York,10024.0,North,TEC-PH-10284,Office Supplies,Appliances,Appliances Item 284,$379.79,2,0.3,32.93
285,CA-2023-100285,2023-07-04,2023-07-04,Second Class,CG-10003,Customer_285,Consumer,United States,New York,New York,10024.0,West,TEC-PH-10285,Furniture,Chairs,Chairs Item 285,365.63,2,0.0,72.02
286,CA-2023-100286,2023-03-13,2023-03-13,Standard Class,CG-10049,Customer_286,Corporate,United States,New York,New York,,West,TEC-PH-10286,Technology,Machines,Machines Item 286,$70.54,4,0.3,-1.32
287,CA-2023-100287,2023-06-17,2023-06-17,Same Day,CG-10138,Customer_287,Home Office,United States,New York,New York,,West,TEC-PH-10287,Furniture,Chairs,Chairs Item 287,466.18,5,0.5,37.85
288,CA-2023-100288,2023-12-26,2023-12-26,Second Class,CG-10119,Customer_288,Corporate,United States,New York,New York,10024.0,North,TEC-PH-10288,Office Supplies,Labels,Labels Item 288,92.54,11,0.0,-8.73
289,CA-2023-100289,2023-09-02,2023-09-02,Standard Class,CG-10134,Customer_289,Corporate,United States,New York,New York,10024.0,West,TEC-PH-10289,Office Supplies,Paper,Paper Item 289,$501.45,6,0.3,70.31
290,CA-2023-100290,2023-11-21,2023-11-21,Same Day,CG-10135,Customer_290,Home Office,United States,New York,New York,10024.0,North,TEC-PH-10290,Technology,Phones,Phones Item 290,197.43,4,0.0,29.14
291,CA-2023-100291,2023-06-27,2023-06-27,Same Day,CG-10104,Customer_291,Home Office,United States,New York,New York,,West,TEC-PH-10291,Office Supplies,Paper,Paper Item 291,$457.64,7,0.0,88.4
292,CA-2023-100292,2023-10-08,2023-10-08,Standard Class,CG-10119,Customer_292,Corporate,United States,New York,New York,,South,TEC-PH-10292,Technology,Phones,Phones Item 292,$180.45,7,0.2,25.31
293,CA-2023-100293,2023-10-25,2023-10-25,Second Class,CG-10025,Customer_293,Corporate,United States,New York,New York,10024.0,East,TEC-PH-10293,Furniture,Bookcases,Bookcases Item 293,128.8,11,0.1,15.61
294,CA-2023-100294,2023-12-11,2023-12-11,First Class,CG-10049,Customer_294,Consumer,United States,New York,New York,10024.0,East,TEC-PH-10294,Technology,Accessories,Accessories Item 294,431.67,8,0.2,61.27
295,CA-2023-100295,2023-01-18,2023-01-18,Standard Class,CG-10084,Customer_295,Consumer,United States,New York,New York,10024.0,South,TEC-PH-10295,Furniture,Furnishings,Furnishings Item 295,$567.14,9,0.5,-8500.0
296,CA-2023-100296,2023-05-06,2023-05-06,Second Class,CG-10062,Customer_296,Corporate,United States,New York,New York,10024.0,North,TEC-PH-10296,Office Supplies,Labels,Labels Item 296,104.85,2,0.3,-12.58
297,CA-2023-100297,2023-08-12,2023-08-12,Standard Class,CG-10235,Customer_297,Corporate,United States,New York,New York,10024.0,South,TEC-PH-10297,Furniture,Tables,Tables Item 297,156.77,3,0.5,-9.35
298,CA-2023-100298,2023-03-16,2023-03-16,Same Day,CG-10187,Customer_298,Consumer,United States,New York,New York,10024.0,East,TEC-PH-10298,Technology,Machines,Machines Item 298,$202.29,6,0.0,34.58
299,CA-2023-100299,2023-10-06,2023-10-06,Same Day,CG-10108,Customer_299,Consumer,United States,New York,New York,10024.0,East,TEC-PH-10299,Technology,Machines,Machines Item 299,158.62,3,0.5,-3.11
300,CA-2023-100300,2023-08-13,2023-08-13,Second Class,CG-10008,Customer_0,Consumer,United States,New York,New York,10024.0,South,TEC-PH-10300,Office Supplies,Art,Art Item 300,$820.57,5,0.1,133.3
301,CA-2023-100301,2023-06-22,2023-06-22,Same Day,CG-10137,Customer_1,Home Office,United States,New York,New York,,North,TEC-PH-10301,Office Supplies,Labels,Labels Item 301,$289.60,11,0.2,31.84
302,CA-2023-100302,2023-02-23,2023-02-23,Same Day,CG-10091,Customer_2,Corporate,United States,New York,New York,10024.0,West,TEC-PH-10302,Technology,Machines,Machines Item 302,423.37,5,0.1,70.79
303,CA-2023-100303,2023-08-23,2023-08-23,First Class,CG-10034,Customer_3,Home Office,United States,New York,New York,10024.0,North,TEC-PH-10303,Office Supplies,Paper,Paper Item 303,577.6,10,0.2,89.44
304,CA-2023-100304,2023-03-17,2023-03-17,First Class,CG-10091,Customer_4,Consumer,United States,New York,New York,10024.0,East,TEC-PH-10304,Technology,Phones,Phones Item 304,267.27,4,0.3,35.34
305,CA-2023-100305,2023-02-01,2023-02-01,Second Class,CG-10154,Customer_5,Consumer,United States,New York,New York,10024.0,North,TEC-PH-10305,Technology,Copiers,Copiers Item 305,222.57,11,0.1,22.65
306,CA-2023-100306,2023-06-02,2023-06-02,Same Day,CG-10237,Customer_6,Home Office,United States,New York,New York,10024.0,East,TEC-PH-10306,Office Supplies,Binders,Binders Item 306,363.35,5,0.1,43.04
307,CA-2023-100307,2023-12-07,2023-12-07,First Class,CG-10154,Customer_7,Home Office,United States,New York,New York,10024.0,East,TEC-PH-10307,Technology,Machines,Machines Item 307,154.44,10,0.15,16.82
308,CA-2023-100308,2023-08-09,2023-08-09,Same Day,CG-10147,Customer_8,Home Office,United States,New York,New York,10024.0,West,TEC-PH-10308,Technology,Copiers,Copiers Item 308,176.73,2,0.2,20.99
309,CA-2023-100309,2023-03-15,2023-03-15,Same Day,CG-10283,Customer_9,Consumer,United States,New York,New York,10024.0,South,TEC-PH-10309,Furniture,Furnishings,Furnishings Item 309,128.28,10,0.15,6.32
310,CA-2023-100310,2023-09-17,2023-09-17,First Class,CG-10181,Customer_10,Consumer,United States,New York,New York,10024.0,South,TEC-PH-10310,Technology,Machines,Machines Item 310,$383.64,10,0.2,58.73
311,CA-2023-100311,2023-12-22,2023-12-22,Second Class,CG-10138,Customer_11,Home Office,United States,New York,New York,10024.0,North,TEC-PH-10311,Office Supplies,Art,Art Item 311,49.2,9,0.0,-8.94
312,CA-2023-100312,2023-12-12,2023-12-12,Second Class,CG-10239,Customer_12,Consumer,United States,New York,New York,,North,TEC-PH-10312,Office Supplies,Labels,Labels Item 312,$158.83,3,0.5,-5.76
313,CA-2023-100313,2023-03-14,2023-03-14,Standard Class,CG-10047,Customer_13,Corporate,United States,New York,New York,,South,TEC-PH-10313,Technology,Accessories,Accessories Item 313,$580.94,5,0.0,116.49
314,CA-2023-100314,2023-10-10,2023-10-10,Same Day,CG-10162,Customer_14,Corporate,United States,New York,New York,10024.0,North,TEC-PH-10314,Office Supplies,Labels,Labels Item 314,238.29,1,0.15,29.2
315,CA-2023-100315,2023-09-27,2023-09-27,Standard Class,CG-10102,Customer_15,Corporate,United States,New York,New York,10024.0,East,TEC-PH-10315,Technology,Phones,Phones Item 315,179.38,1,0.2,2.84
316,CA-2023-100316,2023-07-27,2023-07-27,Second Class,CG-10001,Customer_16,Consumer,United States,New York,New York,10024.0,East,TEC-PH-10316,Office Supplies,Paper,Paper Item 316,690.49,8,0.1,114.29
317,CA-2023-100317,2023-09-13,2023-09-13,Second Class,CG-10262,Customer_17,Corporate,United States,New York,New York,10024.0,North,TEC-PH-10317,Furniture,Bookcases,Bookcases Item 317,120.63,2,0.15,16.26
318,CA-2023-100318,2023-10-15,2023-10-15,Same Day,CG-10032,Customer_18,Home Office,United States,New York,New York,10024.0,North,TEC-PH-10318,Technology,Accessories,Accessories Item 318,$376.74,7,0.0,70.08
319,CA-2023-100319,2023-02-23,2023-02-23,Same Day,CG-10216,Customer_19,Home Office,United States,New York,New York,10024.0,East,TEC-PH-10319,Furniture,Chairs,Chairs Item 319,$471.58,8,0.5,29.28
320,CA-2023-100320,2023-11-16,2023-11-16,Second Class,CG-10013,Customer_20,Consumer,United States,New York,New York,10024.0,North,TEC-PH-10320,Office Supplies,Labels,Labels Item 320,$868.08,3,0.3,116.06
321,CA-2023-100321,2023-12-23,2023-12-23,Second Class,CG-10022,Customer_21,Home Office,United States,New York,New York,10024.0,East,TEC-PH-10321,Furniture,Bookcases,Bookcases Item 321,543.7,9,0.2,73.76
322,CA-2023-100322,2023-03-19,2023-03-19,Second Class,CG-10124,Customer_22,Corporate,United States,New York,New York,10024.0,East,TEC-PH-10322,Technology,Machines,Machines Item 322,260.12,3,0.1,25.68
323,CA-2023-100323,2023-09-14,2023-09-14,Standard Class,CG-10118,Customer_23,Consumer,United States,New York,New York,10024.0,East,TEC-PH-10323,Furniture,Chairs,Chairs Item 323,123.84,1,0.5,0.27
324,CA-2023-100324,2023-07-04,2023-07-04,Standard Class,CG-10141,Customer_24,Consumer,United States,New York,New York,10024.0,South,TEC-PH-10324,Technology,Copiers,Copiers Item 324,$304.15,5,0.15,50.46
325,CA-2023-100325,2023-02-10,2023-02-10,Standard Class,CG-10057,Customer_25,Home Office,United States,New York,New York,,East,TEC-PH-10325,Office Supplies,Labels,Labels Item 325,399.59,8,0.2,58.38
326,CA-2023-100326,2023-09-05,2023-09-05,Second Class,CG-10219,Customer_26,Consumer,United States,New York,New York,10024.0,South,TEC-PH-10326,Furniture,Chairs,Chairs Item 326,42.21,10,0.3,-22.97
327,CA-2023-100327,2023-10-06,2023-10-06,Second Class,CG-10154,Customer_27,Corporate,United States,New York,New York,10024.0,East,TEC-PH-10327,Office Supplies,Storage,Storage Item 327,196.83,3,0.1,26.79
328,CA-2023-100328,2023-12-19,2023-12-19,Same Day,CG-10290,Customer_28,Home Office,United States,New York,New York,10024.0,North,TEC-PH-10328,Office Supplies,Storage,Storage Item 328,771.15,11,0.0,162.35
329,CA-2023-100329,2023-11-02,2023-11-02,Standard Class,CG-10065,Customer_29,Corporate,United States,New York,New York,10024.0,East,TEC-PH-10329,Furniture,Bookcases,Bookcases Item 329,164.77,6,0.0,18.11
330,CA-2023-100330,2023-06-04,2023-06-04,Second Class,CG-10025,Customer_30,Home Office,United States,New York,New York,,North,TEC-PH-10330,Technology,Copiers,Copiers Item 330,$74.91,3,0.3,1.47
331,CA-2023-100331,2023-04-09,2023-04-09,Standard Class,CG-10046,Customer_31,Home Office,United States,New York,New York,10024.0,North,TEC-PH-10331,Technology,Phones,Phones Item 331,87.96,4,0.15,-12.49
332,CA-2023-100332,2023-04-27,2023-04-27,Standard Class,CG-10127,Customer_32,Consumer,United States,New York,New York,10024.0,South,TEC-PH-10332,Furniture,Furnishings,Furnishings Item 332,187.31,11,0.5,7.43
333,CA-2023-100333,2023-01-11,2023-01-11,Standard Class,CG-10041,Customer_33,Home Office,United States,New York,New York,,North,TEC-PH-10333,Office Supplies,Appliances,Appliances Item 333,$336.34,10,0.15,43.16
334,CA-2023-100334,2023-05-11,2023-05-11,Same Day,CG-10290,Customer_34,Consumer,United States,New York,New York,,East,TEC-PH-10334,Technology,Machines,Machines Item 334,$441.45,4,0.0,86.76
335,CA-2023-100335,2023-07-10,2023-07-10,Second Class,CG-10038,Customer_35,Corporate,United States,New York,New York,,East,TEC-PH-10335,Technology,Copiers,Copiers Item 335,$248.32,11,0.1,34.86
336,CA-2023-100336,2023-11-14,2023-11-14,Same Day,CG-10179,Customer_36,Corporate,United States,New York,New York,,West,TEC-PH-10336,Office Supplies,Art,Art Item 336,$141.65,6,0.0,19.83
337,CA-2023-100337,2023-01-22,2023-01-22,Standard Class,CG-10137,Customer_37,Corporate,United States,New York,New York,,North,TEC-PH-10337,Technology,Phones,Phones Item 337,417.01,7,0.0,65.11
338,CA-2023-100338,2023-08-04,2023-08-04,Second Class,CG-10252,Customer_38,Consumer,United States,New York,New York,10024.0,South,TEC-PH-10338,Office Supplies,Art,Art Item 338,532.32,11,0.2,67.85
339,CA-2023-100339,2023-04-22,2023-04-22,Same Day,CG-10135,Customer_39,Corporate,United States,New York,New York,,South,TEC-PH-10339,Office Supplies,Appliances,Appliances Item 339,188.33,11,0.1,31.74
340,CA-2023-100340,2023-09-01,2023-09-01,Second Class,CG-10038,Customer_40,Home Office,United States,New York,New York,10024.0,West,TEC-PH-10340,Furniture,Furnishings,Furnishings Item 340,$97.49,3,0.5,5.44
341,CA-2023-100341,2023-04-19,2023-04-19,First Class,CG-10069,Customer_41,Corporate,United States,New York,New York,,North,TEC-PH-10341,Technology,Phones,Phones Item 341,729.13,2,0.15,110.99
342,CA-2023-100342,2023-07-14,2023-07-14,Same Day,CG-10055,Customer_42,Consumer,United States,New York,New York,10024.0,East,TEC-PH-10342,Office Supplies,Binders,Binders Item 342,125.36,10,0.2,-4.75
343,CA-2023-100343,2023-09-06,2023-09-06,First Class,CG-10109,Customer_43,Corporate,United States,New York,New York,10024.0,North,TEC-PH-10343,Furniture,Tables,Tables Item 343,$94.19,1,0.0,13.16
344,CA-2023-100344,2023-03-25,2023-03-25,First Class,CG-10214,Customer_44,Consumer,United States,New York,New York,10024.0,South,TEC-PH-10344,Furniture,Chairs,Chairs Item 344,297.48,1,0.2,25.89
345,CA-2023-100345,2023-08-21,2023-08-21,Second Class,CG-10134,Customer_45,Consumer,United States,New York,New York,10024.0,East,TEC-PH-10345,Office Supplies,Art,Art Item 345,334.97,4,0.3,42.45
346,CA-2023-100346,2023-10-10,2023-10-10,First Class,CG-10115,Customer_46,Consumer,United States,New York,New York,10024.0,South,TEC-PH-10346,Furniture,Tables,Tables Item 346,120.87,11,0.1,-3.11
347,CA-2023-100347,2023-06-15,2023-06-15,Second Class,CG-10152,Customer_47,Home Office,United States,New York,New York,10024.0,West,TEC-PH-10347,Technology,Copiers,Copiers Item 347,85.38,7,0.5,-2.3
348,CA-2023-100348,2023-10-01,2023-10-01,Standard Class,CG-10141,Customer_48,Consumer,United States,New York,New York,,East,TEC-PH-10348,Technology,Phones,Phones Item 348,$155.07,3,0.15,6.59
349,CA-2023-100349,2023-07-24,2023-07-24,Second Class,CG-10017,Customer_49,Home Office,United States,New York,New York,10024.0,West,TEC-PH-10349,Furniture,Chairs,Chairs Item 349,45.65,1,0.3,-0.9
350,CA-2023-100350,2023-01-11,2023-01-11,Standard Class,CG-10251,Customer_50,Home Office,United States,New York,New York,10024.0,North,TEC-PH-10350,Technology,Copiers,Copiers Item 350,72.14,1,0.3,-13.3
351,CA-2023-100351,2023-08-24,2023-08-24,Standard Class,CG-10093,Customer_51,Home Office,United States,New York,New York,10024.0,North,TEC-PH-10351,Office Supplies,Art,Art Item 351,306.69,9,0.5,10.65
352,CA-2023-100352,2023-03-02,2023-03-02,Standard Class,CG-10271,Customer_52,Home Office,United States,New York,New York,10024.0,West,TEC-PH-10352,Technology,Accessories,Accessories Item 352,99.05,7,0.5,-6.87
353,CA-2023-100353,2023-06-06,2023-06-06,Same Day,CG-10239,Customer_53,Consumer,United States,New York,New York,10024.0,South,TEC-PH-10353,Technology,Copiers,Copiers Item 353,421.82,3,0.1,76.85
354,CA-2023-100354,2023-06-15,2023-06-15,Same Day,CG-10221,Customer_54,Consumer,United States,New York,New York,10024.0,West,TEC-PH-10354,Office Supplies,Appliances,Appliances Item 354,"$1,015.31",2,0.1,183.2
355,CA-2023-100355,2023-04-27,2023-04-27,Same Day,CG-10122,Customer_55,Home Office,United States,New York,New York,,East,TEC-PH-10355,Technology,Accessories,Accessories Item 355,$122.90,8,0.15,0.32
356,CA-2023-100356,2023-12-02,2023-12-02,Standard Class,CG-10207,Customer_56,Corporate,United States,New York,New York,,East,TEC-PH-10356,Office Supplies,Labels,Labels Item 356,285.94,1,0.0,57.77
357,CA-2023-100357,2023-03-05,2023-03-05,First Class,CG-10192,Customer_57,Consumer,United States,New York,New York,,South,TEC-PH-10357,Technology,Copiers,Copiers Item 357,$199.05,7,0.1,15.45
358,CA-2023-100358,2023-03-21,2023-03-21,Same Day,CG-10292,Customer_58,Home Office,United States,New York,New York,10024.0,North,TEC-PH-10358,Office Supplies,Appliances,Appliances Item 358,567.75,10,0.0,113.45
359,CA-2023-100359,2023-08-27,2023-08-27,Standard Class,CG-10040,Customer_59,Corporate,United States,New York,New York,10024.0,South,TEC-PH-10359,Technology,Copiers,Copiers Item 359,106.65,11,0.5,-2.92
360,CA-2023-100360,2023-12-19,2023-12-19,Second Class,CG-10279,Customer_60,Corporate,United States,New York,New York,10024.0,South,TEC-PH-10360,Furniture,Tables,Tables Item 360,191.84,1,0.1,15.58
361,CA-2023-100361,2023-01-13,2023-01-13,Same Day,CG-10156,Customer_61,Corporate,United States,New York,New York,10024.0,South,TEC-PH-10361,Technology,Machines,Machines Item 361,205.49,3,0.5,-1.1
362,CA-2023-100362,2023-04-23,2023-04-23,First Class,CG-10204,Customer_62,Home Office,United States,New York,New York,10024.0,East,TEC-PH-10362,Furniture,Chairs,Chairs Item 362,91.85,7,0.3,-11.23
363,CA-2023-100363,2023-12-24,2023-12-24,Second Class,CG-10178,Customer_63,Corporate,United States,New York,New York,10024.0,East,TEC-PH-10363,Technology,Phones,Phones Item 363,23.56,5,0.15,-21.2
364,CA-2023-100364,2023-02-08,2023-02-08,First Class,CG-10182,Customer_64,Home Office,United States,New York,New York,10024.0,South,TEC-PH-10364,Technology,Machines,Machines Item 364,195.49,7,0.3,4.47
365,CA-2023-100365,2023-11-03,2023-11-03,First Class,CG-10143,Customer_65,Home Office,United States,New York,New York,10024.0,East,TEC-PH-10365,Furniture,Furnishings,Furnishings Item 365,692.91,11,0.3,80.26
366,CA-2023-100366,2023-12-16,2023-12-16,Standard Class,CG-10291,Customer_66,Home Office,United States,New York,New York,,East,TEC-PH-10366,Technology,Phones,Phones Item 366,126.74,3,0.5,-5.21
367,CA-2023-100367,2023-03-16,2023-03-16,Standard Class,CG-10125,Customer_67,Corporate,United States,New York,New York,10024.0,West,TEC-PH-10367,Office Supplies,Labels,Labels Item 367,321.18,4,0.15,54.93
368,CA-2023-100368,2023-11-25,2023-11-25,Same Day,CG-10048,Customer_68,Consumer,United States,New York,New York,10024.0,North,TEC-PH-10368,Technology,Machines,Machines Item 368,368.4,11,0.1,50.26
369,CA-2023-100369,2023-12-18,2023-12-18,Same Day,CG-10246,Customer_69,Home Office,United States,New York,New York,10024.0,South,TEC-PH-10369,Office Supplies,Labels,Labels Item 369,$255.93,11,0.3,9.52
370,CA-2023-100370,2023-02-24,2023-02-24,First Class,CG-10075,Customer_70,Home Office,United States,New York,New York,,South,TEC-PH-10370,Furniture,Chairs,Chairs Item 370,$759.97,2,0.15,120.18
371,CA-2023-100371,2023-03-01,2023-03-01,Same Day,CG-10260,Customer_71,Home Office,United States,New York,New York,10024.0,North,TEC-PH-10371,Technology,Accessories,Accessories Item 371,$313.62,9,0.5,22.62
372,CA-2023-100372,2023-01-23,2023-01-23,First Class,CG-10043,Customer_72,Home Office,United States,New York,New York,,South,TEC-PH-10372,Furniture,Tables,Tables Item 372,$165.79,2,0.2,7.04
373,CA-2023-100373,2023-02-05,2023-02-05,Standard Class,CG-10230,Customer_73,Corporate,United States,New York,New York,10024.0,South,TEC-PH-10373,Furniture,Furnishings,Furnishings Item 373,$206.93,8,0.1,25.92
374,CA-2023-100374,2023-01-20,2023-01-20,Same Day,CG-10144,Customer_74,Home Office,United States,New York,New York,10024.0,East,TEC-PH-10374,Furniture,Tables,Tables Item 374,28.35,8,0.3,-11.22
375,CA-2023-100375,2023-09-03,2023-09-03,First Class,CG-10212,Customer_75,Home Office,United States,New York,New York,,East,TEC-PH-10375,Office Supplies,Art,Art Item 375,$302.57,11,0.3,21.59
376,CA-2023-100376,2023-12-07,2023-12-07,Standard Class,CG-10119,Customer_76,Home Office,United States,New York,New York,10024.0,East,TEC-PH-10376,Technology,Accessories,Accessories Item 376,256.23,5,0.5,19.99
377,CA-2023-100377,2023-12-26,2023-12-26,Second Class,CG-10251,Customer_77,Corporate,United States,New York,New York,10024.0,South,TEC-PH-10377,Technology,Machines,Machines Item 377,106.34,11,0.1,14.28
378,CA-2023-100378,2023-08-08,2023-08-08,Same Day,CG-10236,Customer_78,Home Office,United States,New York,New York,,South,TEC-PH-10378,Furniture,Furnishings,Furnishings Item 378,$54.83,3,0.3,-15.54
379,CA-2023-100379,2023-04-05,2023-04-05,Second Class,CG-10086,Customer_79,Consumer,United States,New York,New York,10024.0,West,TEC-PH-10379,Office Supplies,Labels,Labels Item 379,81.16,10,0.2,0.4
380,CA-2023-100380,2023-07-11,2023-07-11,Same Day,CG-10096,Customer_80,Home Office,United States,New York,New York,10024.0,South,TEC-PH-10380,Furniture,Furnishings,Furnishings Item 380,"$1,095.55",8,0.5,103.4
381,CA-2023-100381,2023-10-25,2023-10-25,First Class,CG-10106,Customer_81,Corporate,United States,New York,New York,10024.0,West,TEC-PH-10381,Furniture,Tables,Tables Item 381,$108.38,7,0.0,7.8
382,CA-2023-100382,2023-01-15,2023-01-15,Second Class,CG-10271,Customer_82,Consumer,United States,New York,New York,,South,TEC-PH-10382,Furniture,Chairs,Chairs Item 382,121.57,2,0.15,-7.06
383,CA-2023-100383,2023-09-12,2023-09-12,Same Day,CG-10038,Customer_83,Consumer,United States,New York,New York,10024.0,North,TEC-PH-10383,Office Supplies,Art,Art Item 383,720.11,10,0.15,116.59
384,CA-2023-100384,2023-08-13,2023-08-13,Standard Class,CG-10229,Customer_84,Corporate,United States,New York,New York,10024.0,East,TEC-PH-10384,Office Supplies,Paper,Paper Item 384,47.88,7,0.2,-6.98
385,CA-2023-100385,2023-08-25,2023-08-25,Standard Class,CG-10160,Customer_85,Corporate,United States,New York,New York,10024.0,West,TEC-PH-10385,Technology,Phones,Phones Item 385,524.3,6,0.2,63.02
386,CA-2023-100386,2023-06-06,2023-06-06,Same Day,CG-10247,Customer_86,Consumer,United States,New York,New York,10024.0,West,TEC-PH-10386,Office Supplies,Labels,Labels Item 386,96.66,3,0.3,-0.28
387,CA-2023-100387,2023-05-20,2023-05-20,Standard Class,CG-10127,Customer_87,Home Office,United States,New York,New York,10024.0,South,TEC-PH-10387,Technology,Copiers,Copiers Item 387,$713.79,11,0.2,106.71
388,CA-2023-100388,2023-10-18,2023-10-18,Standard Class,CG-10276,Customer_88,Home Office,United States,New York,New York,10024.0,South,TEC-PH-10388,Furniture,Chairs,Chairs Item 388,$237.25,4,0.3,15.95
389,CA-2023-100389,2023-11-13,2023-11-13,First Class,CG-10174,Customer_89,Consumer,United States,New York,New York,10024.0,West,TEC-PH-10389,Technology,Copiers,Copiers Item 389,217.05,1,0.1,32.05
390,CA-2023-100390,2023-07-02,2023-07-02,Second Class,CG-10210,Customer_90,Home Office,United States,New York,New York,10024.0,East,TEC-PH-10390,Office Supplies,Binders,Binders Item 390,237.87,5,0.0,28.02
391,CA-2023-100391,2023-05-16,2023-05-16,First Class,CG-10116,Customer_91,Corporate,United States,New York,New York,10024.0,North,TEC-PH-10391,Furniture,Bookcases,Bookcases Item 391,141.82,2,0.3,-0.02
392,CA-2023-100392,2023-04-09,2023-04-09,Second Class,CG-10001,Customer_92,Consumer,United States,New York,New York,10024.0,East,TEC-PH-10392,Furniture,Furnishings,Furnishings Item 392,27.89,4,0.5,-15.71
393,CA-2023-100393,2023-09-08,2023-09-08,Same Day,CG-10155,Customer_93,Consumer,United States,New York,New York,10024.0,West,TEC-PH-10393,Office Supplies,Binders,Binders Item 393,117.37,1,0.3,10.29
394,CA-2023-100394,2023-01-26,2023-01-26,Standard Class,CG-10213,Customer_94,Corporate,United States,New York,New York,10024.0,West,TEC-PH-10394,Technology,Accessories,Accessories Item 394,139.43,11,0.15,4.79
395,CA-2023-100395,2023-01-03,2023-01-03,First Class,CG-10139,Customer_95,Corporate,United States,New York,New York,10024.0,South,TEC-PH-10395,Office Supplies,Labels,Labels Item 395,110.7,3,0.5,4.99
396,CA-2023-100396,2023-06-19,2023-06-19,Same Day,CG-10028,Customer_96,Home Office,United States,New York,New York,10024.0,South,TEC-PH-10396,Technology,Accessories,Accessories Item 396,25.6,7,0.2,-15.43
397,CA-2023-100397,2023-04-26,2023-04-26,Same Day,CG-10105,Customer_97,Corporate,United States,New York,New York,10024.0,East,TEC-PH-10397,Office Supplies,Art,Art Item 397,96.25,11,0.2,-12.14
398,CA-2023-100398,2023-10-18,2023-10-18,Same Day,CG-10296,Customer_98,Home Office,United States,New York,New York,10024.0,South,TEC-PH-10398,Furniture,Bookcases,Bookcases Item 398,53.36,8,0.15,-16.26
399,CA-2023-100399,2023-07-14,2023-07-14,Standard Class,CG-10025,Customer_99,Home Office,United States,New York,New York,10024.0,South,TEC-PH-10399,Furniture,Furnishings,Furnishings Item 399,39.23,8,0.2,-4.92
400,CA-2023-100400,2023-08-10,2023-08-10,First Class,CG-10152,Customer_100,Corporate,United States,New York,New York,10024.0,West,TEC-PH-10400,Office Supplies,Binders,Binders Item 400,30.49,9,0.1,-15.15
401,CA-2023-100401,2023-02-23,2023-02-23,First Class,CG-10140,Customer_101,Consumer,United States,New York,New York,10024.0,West,TEC-PH-10401,Furniture,Bookcases,Bookcases Item 401,$16.73,9,0.3,-8.66
402,CA-2023-100402,2023-04-17,2023-04-17,Same Day,CG-10214,Customer_102,Consumer,United States,New York,New York,10024.0,South,TEC-PH-10402,Office Supplies,Paper,Paper Item 402,342.07,3,0.1,47.63
403,CA-2023-100403,2023-09-21,2023-09-21,Same Day,CG-10070,Customer_103,Corporate,United States,New York,New York,10024.0,West,TEC-PH-10403,Technology,Phones,Phones Item 403,301.55,10,0.1,51.28
404,CA-2023-100404,2023-03-08,2023-03-08,Second Class,CG-10138,Customer_104,Corporate,United States,New York,New York,10024.0,East,TEC-PH-10404,Office Supplies,Appliances,Appliances Item 404,42.97,3,0.5,-13.35
405,CA-2023-100405,2023-07-05,2023-07-05,Same Day,CG-10237,Customer_105,Home Office,United States,New York,New York,10024.0,East,TEC-PH-10405,Technology,Machines,Machines Item 405,418.59,5,0.1,63.46
406,CA-2023-100406,2023-12-12,2023-12-12,First Class,CG-10090,Customer_106,Corporate,United States,New York,New York,10024.0,East,TEC-PH-10406,Technology,Phones,Phones Item 406,350.68,3,0.5,11.99
407,CA-2023-100407,2023-02-23,2023-02-23,First Class,CG-10052,Customer_107,Corporate,United States,New York,New York,,North,TEC-PH-10407,Office Supplies,Art,Art Item 407,152.72,9,0.1,14.46
408,CA-2023-100408,2023-06-10,2023-06-10,Standard Class,CG-10209,Customer_108,Consumer,United States,New York,New York,,South,TEC-PH-10408,Technology,Accessories,Accessories Item 408,$252.96,1,0.0,36.21
409,CA-2023-100409,2023-01-06,2023-01-06,Standard Class,CG-10078,Customer_109,Corporate,United States,New York,New York,10024.0,West,TEC-PH-10409,Office Supplies,Art,Art Item 409,424.61,1,0.5,36.48
410,CA-2023-100410,2023-01-21,2023-01-21,Same Day,CG-10163,Customer_110,Home Office,United States,New York,New York,,South,TEC-PH-10410,Office Supplies,Labels,Labels Item 410,$52.59,6,0.3,-6.52
411,CA-2023-100411,2023-10-20,2023-10-20,Second Class,CG-10198,Customer_111,Consumer,United States,New York,New York,10024.0,South,TEC-PH-10411,Technology,Copiers,Copiers Item 411,151.51,2,0.1,1.57
412,CA-2023-100412,2023-03-11,2023-03-11,First Class,CG-10100,Customer_112,Consumer,United States,New York,New York,10024.0,West,TEC-PH-10412,Furniture,Tables,Tables Item 412,673.13,7,0.2,110.56
413,CA-2023-100413,2023-03-04,2023-03-04,Standard Class,CG-10128,Customer_113,Consumer,United States,New York,New York,10024.0,West,TEC-PH-10413,Furniture,Furnishings,Furnishings Item 413,159.14,7,0.15,0.7
414,CA-2023-100414,2023-02-03,2023-02-03,Second Class,CG-10136,Customer_114,Home Office,United States,New York,New York,10024.0,West,TEC-PH-10414,Office Supplies,Labels,Labels Item 414,22.4,4,0.3,-7.05
415,CA-2023-100415,2023-10-25,2023-10-25,Same Day,CG-10286,Customer_115,Consumer,United States,New York,New York,10024.0,East,TEC-PH-10415,Office Supplies,Paper,Paper Item 415,467.73,7,0.2,54.41
416,CA-2023-100416,2023-07-05,2023-07-05,Second Class,CG-10122,Customer_116,Consumer,United States,New York,New York,10024.0,North,TEC-PH-10416,Furniture,Tables,Tables Item 416,154.85,2,0.15,1.62
417,CA-2023-100417,2023-05-10,2023-05-10,Same Day,CG-10006,Customer_117,Corporate,United States,New York,New York,10024.0,South,TEC-PH-10417,Technology,Accessories,Accessories Item 417,$479.82,8,0.1,77.15
418,CA-2023-100418,2023-03-05,2023-03-05,Same Day,CG-10214,Customer_118,Home Office,United States,New York,New York,10024.0,South,TEC-PH-10418,Office Supplies,Storage,Storage Item 418,326.93,4,0.2,46.69
419,CA-2023-100419,2023-03-09,2023-03-09,Same Day,CG-10076,Customer_119,Corporate,United States,New York,New York,10024.0,North,TEC-PH-10419,Office Supplies,Labels,Labels Item 419,397.31,11,0.3,31.43
420,CA-2023-100420,2023-05-15,2023-05-15,Same Day,CG-10256,Customer_120,Home Office,United States,New York,New York,10024.0,North,TEC-PH-10420,Technology,Copiers,Copiers Item 420,712.3,7,0.1,120.47
421,CA-2023-100421,2023-09-14,2023-09-14,Second Class,CG-10094,Customer_121,Consumer,United States,New York,New York,10024.0,South,TEC-PH-10421,Technology,Machines,Machines Item 421,223.34,9,0.1,16.77
422,CA-2023-100422,2023-11-21,2023-11-21,Standard Class,CG-10214,Customer_122,Home Office,United States,New York,New York,10024.0,South,TEC-PH-10422,Technology,Phones,Phones Item 422,245.61,2,0.1,37.79
423,CA-2023-100423,2023-11-11,2023-11-11,Same Day,CG-10241,Customer_123,Corporate,United States,New York,New York,,West,TEC-PH-10423,Office Supplies,Paper,Paper Item 423,$522.02,9,0.1,75.19
424,CA-2023-100424,2023-10-12,2023-10-12,Same Day,CG-10246,Customer_124,Corporate,United States,New York,New York,10024.0,East,TEC-PH-10424,Office Supplies,Art,Art Item 424,748.22,9,0.2,118.84
425,CA-2023-100425,2023-12-12,2023-12-12,Standard Class,CG-10254,Customer_125,Home Office,United States,New York,New York,,East,TEC-PH-10425,Office Supplies,Storage,Storage Item 425,$94.19,7,0.5,0.5
426,CA-2023-100426,2023-12-05,2023-12-05,Second Class,CG-10151,Customer_126,Consumer,United States,New York,New York,10024.0,North,TEC-PH-10426,Office Supplies,Art,Art Item 426,37.92,10,0.2,-9.58
427,CA-2023-100427,2023-04-19,2023-04-19,Standard Class,CG-10106,Customer_127,Consumer,United States,New York,New York,10024.0,North,TEC-PH-10427,Furniture,Bookcases,Bookcases Item 427,160.9,3,0.2,5.97
428,CA-2023-100428,2023-02-05,2023-02-05,Second Class,CG-10030,Customer_128,Consumer,United States,New York,New York,10024.0,East,TEC-PH-10428,Technology,Accessories,Accessories Item 428,55.41,6,0.2,-5.44
429,CA-2023-100429,2023-04-09,2023-04-09,First Class,CG-10038,Customer_129,Home Office,United States,New York,New York,10024.0,North,TEC-PH-10429,Office Supplies,Binders,Binders Item 429,271.46,4,0.5,16.43
430,CA-2023-100430,2023-07-11,2023-07-11,Standard Class,CG-10278,Customer_130,Consumer,United States,New York,New York,10024.0,West,TEC-PH-10430,Office Supplies,Paper,Paper Item 430,$212.18,2,0.1,35.88
431,CA-2023-100431,2023-03-25,2023-03-25,Standard Class,CG-10189,Customer_131,Consumer,United States,New York,New York,10024.0,South,TEC-PH-10431,Technology,Machines,Machines Item 431,"$1,240.95",10,0.2,188.98
432,CA-2023-100432,2023-08-17,2023-08-17,Same Day,CG-10144,Customer_132,Corporate,United States,New York,New York,10024.0,West,TEC-PH-10432,Office Supplies,Art,Art Item 432,157.45,10,0.1,10.71
433,CA-2023-100433,2023-10-15,2023-10-15,Second Class,CG-10095,Customer_133,Home Office,United States,New York,New York,10024.0,East,TEC-PH-10433,Office Supplies,Art,Art Item 433,96.76,11,0.3,-9.59
434,CA-2023-100434,2023-10-24,2023-10-24,Same Day,CG-10108,Customer_134,Consumer,United States,New York,New York,,West,TEC-PH-10434,Office Supplies,Appliances,Appliances Item 434,$278.96,5,0.1,30.45
435,CA-2023-100435,2023-06-02,2023-06-02,Standard Class,CG-10144,Customer_135,Home Office,United States,New York,New York,,East,TEC-PH-10435,Office Supplies,Binders,Binders Item 435,$484.15,3,0.1,68.62
436,CA-2023-100436,2023-01-13,2023-01-13,Same Day,CG-10042,Customer_136,Corporate,United States,New York,New York,10024.0,West,TEC-PH-10436,Furniture,Tables,Tables Item 436,53.69,10,0.2,-19.13
437,CA-2023-100437,2023-02-26,2023-02-26,Standard Class,CG-10012,Customer_137,Corporate,United States,New York,New York,,North,TEC-PH-10437,Furniture,Furnishings,Furnishings Item 437,$47.53,2,0.15,1.05
438,CA-2023-100438,2023-03-04,2023-03-04,Same Day,CG-10159,Customer_138,Consumer,United States,New York,New York,10024.0,South,TEC-PH-10438,Furniture,Chairs,Chairs Item 438,89.8,4,0.2,-8.63
439,CA-2023-100439,2023-05-18,2023-05-18,Same Day,CG-10162,Customer_139,Consumer,United States,New York,New York,10024.0,East,TEC-PH-10439,Furniture,Chairs,Chairs Item 439,230.03,7,0.3,28.69
440,CA-2023-100440,2023-04-20,2023-04-20,Second Class,CG-10294,Customer_140,Consumer,United States,New York,New York,10024.0,South,TEC-PH-10440,Furniture,Furnishings,Furnishings Item 440,$101.81,4,0.0,9.7
441,CA-2023-100441,2023-06-12,2023-06-12,Same Day,CG-10087,Customer_141,Home Office,United States,New York,New York,10024.0,West,TEC-PH-10441,Technology,Accessories,Accessories Item 441,$660.20,5,0.15,103.62
442,CA-2023-100442,2023-02-05,2023-02-05,Standard Class,CG-10283,Customer_142,Home Office,United States,New York,New York,10024.0,West,TEC-PH-10442,Office Supplies,Labels,Labels Item 442,39.79,9,0.5,-23.58
443,CA-2023-100443,2023-06-23,2023-06-23,Same Day,CG-10251,Customer_143,Home Office,United States,New York,New York,10024.0,East,TEC-PH-10443,Office Supplies,Labels,Labels Item 443,15.01,3,0.0,-15.56
444,CA-2023-100444,2023-12-27,2023-12-27,Standard Class,CG-10072,Customer_144,Corporate,United States,New York,New York,10024.0,North,TEC-PH-10444,Technology,Phones,Phones Item 444,433.17,6,0.1,65.59
445,CA-2023-100445,2023-03-20,2023-03-20,Second Class,CG-10193,Customer_145,Home Office,United States,New York,New York,10024.0,East,TEC-PH-10445,Office Supplies,Storage,Storage Item 445,955.84,11,0.3,140.01
446,CA-2023-100446,2023-03-01,2023-03-01,First Class,CG-10188,Customer_146,Consumer,United States,New York,New York,10024.0,North,TEC-PH-10446,Technology,Accessories,Accessories Item 446,182.86,4,0.5,0.31
447,CA-2023-100447,2023-03-06,2023-03-06,First Class,CG-10173,Customer_147,Consumer,United States,New York,New York,10024.0,West,TEC-PH-10447,Office Supplies,Appliances,Appliances Item 447,89.18,7,0.2,0.05
448,CA-2023-100448,2023-03-08,2023-03-08,Same Day,CG-10200,Customer_148,Corporate,United States,New York,New York,10024.0,North,TEC-PH-10448,Technology,Machines,Machines Item 448,106.87,5,0.3,-9.79
449,CA-2023-100449,2023-07-19,2023-07-19,Same Day,CG-10207,Customer_149,Home Office,United States,New York,New York,10024.0,East,TEC-PH-10449,Office Supplies,Binders,Binders Item 449,96.38,9,0.2,-4.33
450,CA-2023-100450,2023-06-14,2023-06-14,Same Day,CG-10230,Customer_150,Corporate,United States,New York,New York,10024.0,South,TEC-PH-10450,Furniture,Bookcases,Bookcases Item 450,$443.79,6,0.1,70.42
451,CA-2023-100451,2023-04-25,2023-04-25,Same Day,CG-10154,Customer_151,Home Office,United States,New York,New York,10024.0,West,TEC-PH-10451,Technology,Accessories,Accessories Item 451,51.46,8,0.15,-18.07
452,CA-2023-100452,2023-06-22,2023-06-22,Standard Class,CG-10116,Customer_152,Consumer,United States,New York,New York,10024.0,North,TEC-PH-10452,Office Supplies,Storage,Storage Item 452,20.29,8,0.0,-24.92
453,CA-2023-100453,2023-07-18,2023-07-18,Same Day,CG-10235,Customer_153,Corporate,United States,New York,New York,10024.0,East,TEC-PH-10453,Office Supplies,Paper,Paper Item 453,106.77,6,0.0,12.22
454,CA-2023-100454,2023-12-17,2023-12-17,First Class,CG-10208,Customer_154,Consumer,United States,New York,New York,10024.0,South,TEC-PH-10454,Furniture,Chairs,Chairs Item 454,118.62,4,0.5,15000.0
455,CA-2023-100455,2023-05-22,2023-05-22,Same Day,CG-10087,Customer_155,Corporate,United States,New York,New York,10024.0,East,TEC-PH-10455,Technology,Phones,Phones Item 455,$551.98,3,0.5,46.04
456,CA-2023-100456,2023-02-06,2023-02-06,First Class,CG-10161,Customer_156,Corporate,United States,New York,New York,10024.0,North,TEC-PH-10456,Office Supplies,Labels,Labels Item 456,70.05,10,0.1,2.31
457,CA-2023-100457,2023-07-18,2023-07-18,Standard Class,CG-10189,Customer_157,Consumer,United States,New York,New York,,South,TEC-PH-10457,Technology,Machines,Machines Item 457,$256.88,6,0.1,40.49
458,CA-2023-100458,2023-09-18,2023-09-18,Same Day,CG-10016,Customer_158,Corporate,United States,New York,New York,10024.0,East,TEC-PH-10458,Technology,Machines,Machines Item 458,203.74,11,0.15,18.28
459,CA-2023-100459,2023-06-11,2023-06-11,Second Class,CG-10108,Customer_159,Consumer,United States,New York,New York,,East,TEC-PH-10459,Office Supplies,Storage,Storage Item 459,$36.01,10,0.0,-17.79
460,CA-2023-100460,2023-10-13,2023-10-13,Second Class,CG-10070,Customer_160,Home Office,United States,New York,New York,10024.0,North,TEC-PH-10460,Furniture,Tables,Tables Item 460,$722.05,1,0.1,113.27
461,CA-2023-100461,2023-01-10,2023-01-10,Standard Class,CG-10012,Customer_161,Corporate,United States,New York,New York,10024.0,North,TEC-PH-10461,Furniture,Bookcases,Bookcases Item 461,$232.26,5,0.5,3.74
462,CA-2023-100462,2023-02-20,2023-02-20,First Class,CG-10172,Customer_162,Consumer,United States,New York,New York,,South,TEC-PH-10462,Office Supplies,Paper,Paper Item 462,18.25,1,0.15,-4.89
463,CA-2023-100463,2023-10-11,2023-10-11,Same Day,CG-10210,Customer_163,Corporate,United States,New York,New York,10024.0,South,TEC-PH-10463,Office Supplies,Storage,Storage Item 463,75.94,1,0.2,7.16
464,CA-2023-100464,2023-09-21,2023-09-21,First Class,CG-10251,Customer_164,Corporate,United States,New York,New York,10024.0,West,TEC-PH-10464,Furniture,Chairs,Chairs Item 464,76.53,6,0.1,-9.46
465,CA-2023-100465,2023-05-23,2023-05-23,Standard Class,CG-10042,Customer_165,Home Office,United States,New York,New York,10024.0,West,TEC-PH-10465,Furniture,Bookcases,Bookcases Item 465,260.64,9,0.1,41.99
466,CA-2023-100466,2023-03-19,2023-03-19,Second Class,CG-10029,Customer_166,Home Office,United States,New York,New York,10024.0,East,TEC-PH-10466,Office Supplies,Binders,Binders Item 466,132.02,7,0.3,15.02
467,CA-2023-100467,2023-07-26,2023-07-26,Same Day,CG-10175,Customer_167,Corporate,United States,New York,New York,10024.0,East,TEC-PH-10467,Furniture,Furnishings,Furnishings Item 467,$194.21,3,0.15,21.75
468,CA-2023-100468,2023-05-25,2023-05-25,First Class,CG-10015,Customer_168,Home Office,United States,New York,New York,10024.0,North,TEC-PH-10468,Technology,Accessories,Accessories Item 468,198.73,3,0.0,24.77
469,CA-2023-100469,2023-08-24,2023-08-24,Standard Class,CG-10012,Customer_169,Consumer,United States,New York,New York,10024.0,South,TEC-PH-10469,Furniture,Chairs,Chairs Item 469,$274.31,1,0.1,25.66
470,CA-2023-100470,2023-05-11,2023-05-11,Standard Class,CG-10018,Customer_170,Corporate,United States,New York,New York,10024.0,West,TEC-PH-10470,Furniture,Tables,Tables Item 470,85.54,9,0.15,-6.27
471,CA-2023-100471,2023-11-15,2023-11-15,Standard Class,CG-10232,Customer_171,Corporate,United States,New York,New York,,West,TEC-PH-10471,Office Supplies,Labels,Labels Item 471,$293.98,9,0.2,30.69
472,CA-2023-100472,2023-08-16,2023-08-16,First Class,CG-10094,Customer_172,Consumer,United States,New York,New York,10024.0,South,TEC-PH-10472,Technology,Machines,Machines Item 472,40.9,3,0.1,-11.89
473,CA-2023-100473,2023-02-15,2023-02-15,First Class,CG-10076,Customer_173,Corporate,United States,New York,New York,,West,TEC-PH-10473,Technology,Phones,Phones Item 473,$255.28,2,0.1,30.85
474,CA-2023-100474,2023-06-13,2023-06-13,Same Day,CG-10216,Customer_174,Home Office,United States,New York,New York,10024.0,North,TEC-PH-10474,Furniture,Bookcases,Bookcases Item 474,396.3,3,0.3,38.85
475,CA-2023-100475,2023-07-27,2023-07-27,Standard Class,CG-10028,Customer_175,Corporate,United States,New York,New York,10024.0,East,TEC-PH-10475,Office Supplies,Storage,Storage Item 475,64.88,6,0.15,-1.22
476,CA-2023-100476,2023-06-13,2023-06-13,Second Class,CG-10150,Customer_176,Consumer,United States,New York,New York,10024.0,North,TEC-PH-10476,Technology,Copiers,Copiers Item 476,309.45,2,0.15,41.38
477,CA-2023-100477,2023-08-21,2023-08-21,Standard Class,CG-10065,Customer_177,Corporate,United States,New York,New York,,North,TEC-PH-10477,Office Supplies,Appliances,Appliances Item 477,$17.79,7,0.5,-25.03
478,CA-2023-100478,2023-01-21,2023-01-21,Standard Class,CG-10103,Customer_178,Home Office,United States,New York,New York,10024.0,East,TEC-PH-10478,Office Supplies,Storage,Storage Item 478,237.3,11,0.1,27.6
479,CA-2023-100479,2023-04-27,2023-04-27,Second Class,CG-10137,Customer_179,Home Office,United States,New York,New York,10024.0,South,TEC-PH-10479,Technology,Machines,Machines Item 479,454.34,3,0.1,73.13
480,CA-2023-100480,2023-05-17,2023-05-17,Same Day,CG-10025,Customer_180,Corporate,United States,New York,New York,10024.0,North,TEC-PH-10480,Technology,Accessories,Accessories Item 480,194.96,1,0.2,22.78
481,CA-2023-100481,2023-02-08,2023-02-08,First Class,CG-10225,Customer_181,Consumer,United States,New York,New York,10024.0,East,TEC-PH-10481,Technology,Copiers,Copiers Item 481,84.46,6,0.3,0.04
482,CA-2023-100482,2023-09-13,2023-09-13,Standard Class,CG-10126,Customer_182,Consumer,United States,New York,New York,10024.0,North,TEC-PH-10482,Furniture,Furnishings,Furnishings Item 482,48.49,3,0.5,-15.72
483,CA-2023-100483,2023-03-09,2023-03-09,Standard Class,CG-10042,Customer_183,Consumer,United States,New York,New York,10024.0,South,TEC-PH-10483,Technology,Machines,Machines Item 483,430.39,3,0.0,70.94
484,CA-2023-100484,2023-05-26,2023-05-26,Second Class,CG-10048,Customer_184,Home Office,United States,New York,New York,10024.0,West,TEC-PH-10484,Furniture,Furnishings,Furnishings Item 484,136.42,9,0.3,1.16
485,CA-2023-100485,2023-09-15,2023-09-15,Same Day,CG-10191,Customer_185,Corporate,United States,New York,New York,10024.0,South,TEC-PH-10485,Office Supplies,Binders,Binders Item 485,328.73,2,0.2,52.49
486,CA-2023-100486,2023-07-05,2023-07-05,Same Day,CG-10079,Customer_186,Consumer,United States,New York,New York,10024.0,South,TEC-PH-10486,Technology,Phones,Phones Item 486,20.09,3,0.0,-22.73
487,CA-2023-100487,2023-09-21,2023-09-21,First Class,CG-10099,Customer_187,Corporate,United States,New York,New York,,North,TEC-PH-10487,Furniture,Chairs,Chairs Item 487,$347.87,9,0.15,58.82
488,CA-2023-100488,2023-04-07,2023-04-07,Second Class,CG-10246,Customer_188,Consumer,United States,New York,New York,10024.0,West,TEC-PH-10488,Furniture,Chairs,Chairs Item 488,$295.90,10,0.2,28.13
489,CA-2023-100489,2023-09-18,2023-09-18,Same Day,CG-10236,Customer_189,Consumer,United States,New York,New York,,East,TEC-PH-10489,Office Supplies,Art,Art Item 489,105.38,3,0.3,-7.92
490,CA-2023-100490,2023-03-18,2023-03-18,First Class,CG-10192,Customer_190,Consumer,United States,New York,New York,10024.0,North,TEC-PH-10490,Technology,Copiers,Copiers Item 490,154.73,10,0.5,2.85
491,CA-2023-100491,2023-09-12,2023-09-12,First Class,CG-10035,Customer_191,Home Office,United States,New York,New York,10024.0,West,TEC-PH-10491,Furniture,Bookcases,Bookcases Item 491,200.27,8,0.0,29.8
492,CA-2023-100492,2023-06-08,2023-06-08,First Class,CG-10072,Customer_192,Home Office,United States,New York,New York,10024.0,South,TEC-PH-10492,Technology,Accessories,Accessories Item 492,21.48,1,0.0,-22.86
493,CA-2023-100493,2023-04-25,2023-04-25,Second Class,CG-10215,Customer_193,Home Office,United States,New York,New York,10024.0,North,TEC-PH-10493,Office Supplies,Binders,Binders Item 493,$666.62,7,0.15,100.03
494,CA-2023-100494,2023-02-03,2023-02-03,First Class,CG-10166,Customer_194,Consumer,United States,New York,New York,,East,TEC-PH-10494,Furniture,Chairs,Chairs Item 494,$291.68,11,0.1,46.66
495,CA-2023-100495,2023-03-20,2023-03-20,Same Day,CG-10224,Customer_195,Consumer,United States,New York,New York,10024.0,West,TEC-PH-10495,Office Supplies,Binders,Binders Item 495,301.94,7,0.5,4.62
496,CA-2023-100496,2023-11-03,2023-11-03,Second Class,CG-10237,Customer_196,Consumer,United States,New York,New York,,North,TEC-PH-10496,Office Supplies,Paper,Paper Item 496,242.73,8,0.5,15.39
497,CA-2023-100497,2023-10-21,2023-10-21,Standard Class,CG-10178,Customer_197,Corporate,United States,New York,New York,10024.0,East,TEC-PH-10497,Office Supplies,Paper,Paper Item 497,38.07,7,0.0,-17.14
498,CA-2023-100498,2023-03-20,2023-03-20,Second Class,CG-10253,Customer_198,Home Office,United States,New York,New York,,East,TEC-PH-10498,Technology,Phones,Phones Item 498,$177.14,5,0.15,10.39
499,CA-2023-100499,2023-06-27,2023-06-27,First Class,CG-10050,Customer_199,Home Office,United States,New York,New York,10024.0,West,TEC-PH-10499,Office Supplies,Paper,Paper Item 499,251.69,6,0.5,14.53
500,CA-2023-100500,2023-04-17,2023-04-17,Standard Class,CG-10001,Customer_200,Home Office,United States,New York,New York,,South,TEC-PH-10500,Office Supplies,Storage,Storage Item 500,512.83,2,0.3,70.49
501,CA-2023-100501,2023-07-25,2023-07-25,Second Class,CG-10014,Customer_201,Consumer,United States,New York,New York,10024.0,South,TEC-PH-10501,Office Supplies,Appliances,Appliances Item 501,62.06,2,0.5,-9.74
502,CA-2023-100502,2023-05-21,2023-05-21,Second Class,CG-10291,Customer_202,Consumer,United States,New York,New York,10024.0,North,TEC-PH-10502,Furniture,Tables,Tables Item 502,287.03,8,0.5,16.19
503,CA-2023-100503,2023-07-02,2023-07-02,Second Class,CG-10081,Customer_203,Consumer,United States,New York,New York,10024.0,West,TEC-PH-10503,Furniture,Tables,Tables Item 503,51.94,10,0.1,-17.99
504,CA-2023-100504,2023-09-02,2023-09-02,Standard Class,CG-10100,Customer_204,Home Office,United States,New York,New York,10024.0,West,TEC-PH-10504,Technology,Phones,Phones Item 504,29.07,8,0.0,-9.07
505,CA-2023-100505,2023-07-01,2023-07-01,First Class,CG-10097,Customer_205,Home Office,United States,New York,New York,10024.0,South,TEC-PH-10505,Furniture,Tables,Tables Item 505,364.44,11,0.5,13.18
506,CA-2023-100506,2023-07-04,2023-07-04,Same Day,CG-10070,Customer_206,Home Office,United States,New York,New York,10024.0,East,TEC-PH-10506,Technology,Copiers,Copiers Item 506,$355.67,1,0.2,51.74
507,CA-2023-100507,2023-06-13,2023-06-13,Standard Class,CG-10229,Customer_207,Corporate,United States,New York,New York,10024.0,South,TEC-PH-10507,Furniture,Bookcases,Bookcases Item 507,95.23,1,0.3,7.64
508,CA-2023-100508,2023-02-26,2023-02-26,Same Day,CG-10071,Customer_208,Home Office,United States,New York,New York,10024.0,North,TEC-PH-10508,Technology,Copiers,Copiers Item 508,385.9,6,0.15,66.37
509,CA-2023-100509,2023-04-18,2023-04-18,First Class,CG-10285,Customer_209,Corporate,United States,New York,New York,10024.0,West,TEC-PH-10509,Furniture,Bookcases,Bookcases Item 509,86.46,1,0.2,-14.59
510,CA-2023-100510,2023-04-24,2023-04-24,First Class,CG-10065,Customer_210,Home Office,United States,New York,New York,10024.0,East,TEC-PH-10510,Furniture,Chairs,Chairs Item 510,144.16,3,0.15,21.5
511,CA-2023-100511,2023-03-22,2023-03-22,First Class,CG-10212,Customer_211,Home Office,United States,New York,New York,10024.0,West,TEC-PH-10511,Technology,Machines,Machines Item 511,66.12,6,0.0,2.26
512,CA-2023-100512,2023-07-25,2023-07-25,First Class,CG-10110,Customer_212,Corporate,United States,New York,New York,10024.0,South,TEC-PH-10512,Office Supplies,Paper,Paper Item 512,473.14,2,0.1,81.23
513,CA-2023-100513,2023-06-05,2023-06-05,Standard Class,CG-10179,Customer_213,Corporate,United States,New York,New York,10024.0,North,TEC-PH-10513,Office Supplies,Storage,Storage Item 513,615.41,1,0.2,81.7
514,CA-2023-100514,2023-01-04,2023-01-04,Second Class,CG-10192,Customer_214,Home Office,United States,New York,New York,10024.0,West,TEC-PH-10514,Technology,Phones,Phones Item 514,495.94,8,0.1,80.4
515,CA-2023-100515,2023-04-14,2023-04-14,Second Class,CG-10016,Customer_215,Home Office,United States,New York,New York,,East,TEC-PH-10515,Technology,Accessories,Accessories Item 515,$70.54,7,0.2,0.19
516,CA-2023-100516,2023-09-20,2023-09-20,Standard Class,CG-10239,Customer_216,Corporate,United States,New York,New York,,South,TEC-PH-10516,Office Supplies,Binders,Binders Item 516,$107.88,5,0.2,-5.92
517,CA-2023-100517,2023-12-27,2023-12-27,Second Class,CG-10097,Customer_217,Corporate,United States,New York,New York,,South,TEC-PH-10517,Furniture,Bookcases,Bookcases Item 517,148.4,7,0.1,19.14
518,CA-2023-100518,2023-07-06,2023-07-06,First Class,CG-10208,Customer_218,Home Office,United States,New York,New York,10024.0,West,TEC-PH-10518,Technology,Accessories,Accessories Item 518,753.07,2,0.1,141.39
519,CA-2023-100519,2023-07-07,2023-07-07,First Class,CG-10032,Customer_219,Home Office,United States,New York,New York,10024.0,East,TEC-PH-10519,Furniture,Bookcases,Bookcases Item 519,68.3,2,0.0,-13.43
520,CA-2023-100520,2023-02-04,2023-02-04,Standard Class,CG-10126,Customer_220,Consumer,United States,New York,New York,10024.0,North,TEC-PH-10520,Office Supplies,Paper,Paper Item 520,$109.11,6,0.1,12.89
521,CA-2023-100521,2023-09-15,2023-09-15,Second Class,CG-10155,Customer_221,Home Office,United States,New York,New York,10024.0,East,TEC-PH-10521,Technology,Copiers,Copiers Item 521,283.06,3,0.2,29.79
522,CA-2023-100522,2023-09-23,2023-09-23,Same Day,CG-10278,Customer_222,Corporate,United States,New York,New York,,South,TEC-PH-10522,Furniture,Bookcases,Bookcases Item 522,64.66,4,0.1,-14.29
523,CA-2023-100523,2023-08-08,2023-08-08,Second Class,CG-10120,Customer_223,Corporate,United States,New York,New York,10024.0,East,TEC-PH-10523,Furniture,Chairs,Chairs Item 523,338.01,11,0.3,37.38
524,CA-2023-100524,2023-01-21,2023-01-21,Second Class,CG-10094,Customer_224,Consumer,United States,New York,New York,10024.0,South,TEC-PH-10524,Technology,Phones,Phones Item 524,85.44,8,0.0,5.23
525,CA-2023-100525,2023-02-10,2023-02-10,Same Day,CG-10212,Customer_225,Corporate,United States,New York,New York,10024.0,North,TEC-PH-10525,Office Supplies,Art,Art Item 525,554.58,8,0.1,91.44
526,CA-2023-100526,2023-08-24,2023-08-24,First Class,CG-10107,Customer_226,Corporate,United States,New York,New York,,North,TEC-PH-10526,Furniture,Chairs,Chairs Item 526,371.6,4,0.1,56.03
527,CA-2023-100527,2023-10-25,2023-10-25,Second Class,CG-10154,Customer_227,Home Office,United States,New York,New York,10024.0,East,TEC-PH-10527,Technology,Accessories,Accessories Item 527,76.02,7,0.15,7.04
528,CA-2023-100528,2023-12-01,2023-12-01,Same Day,CG-10177,Customer_228,Consumer,United States,New York,New York,10024.0,West,TEC-PH-10528,Technology,Copiers,Copiers Item 528,$67.78,1,0.1,-5.42
529,CA-2023-100529,2023-06-07,2023-06-07,Second Class,CG-10189,Customer_229,Home Office,United States,New York,New York,,North,TEC-PH-10529,Office Supplies,Storage,Storage Item 529,$462.35,8,0.2,56.59
530,CA-2023-100530,2023-06-16,2023-06-16,Same Day,CG-10071,Customer_230,Corporate,United States,New York,New York,10024.0,North,TEC-PH-10530,Technology,Phones,Phones Item 530,31.14,10,0.3,-11.81
531,CA-2023-100531,2023-03-20,2023-03-20,Same Day,CG-10253,Customer_231,Corporate,United States,New York,New York,10024.0,South,TEC-PH-10531,Office Supplies,Binders,Binders Item 531,101.3,10,0.0,5.22
532,CA-2023-100532,2023-08-02,2023-08-02,Same Day,CG-10282,Customer_232,Corporate,United States,New York,New York,10024.0,West,TEC-PH-10532,Furniture,Tables,Tables Item 532,104.05,10,0.2,-0.08
533,CA-2023-100533,2023-12-02,2023-12-02,Same Day,CG-10276,Customer_233,Home Office,United States,New York,New York,10024.0,North,TEC-PH-10533,Furniture,Tables,Tables Item 533,84.38,7,0.0,-7.41
534,CA-2023-100534,2023-06-13,2023-06-13,Same Day,CG-10278,Customer_234,Corporate,United States,New York,New York,10024.0,West,TEC-PH-10534,Office Supplies,Appliances,Appliances Item 534,498.71,3,0.1,70.33
535,CA-2023-100535,2023-11-21,2023-11-21,First Class,CG-10135,Customer_235,Consumer,United States,New York,New York,10024.0,South,TEC-PH-10535,Office Supplies,Labels,Labels Item 535,140.07,7,0.15,12.69
536,CA-2023-100536,2023-06-17,2023-06-17,Second Class,CG-10149,Customer_236,Consumer,United States,New York,New York,10024.0,South,TEC-PH-10536,Office Supplies,Storage,Storage Item 536,321.56,5,0.0,49.86
537,CA-2023-100537,2023-06-12,2023-06-12,First Class,CG-10238,Customer_237,Consumer,United States,New York,New York,10024.0,South,TEC-PH-10537,Furniture,Furnishings,Furnishings Item 537,157.91,7,0.5,-5.03
538,CA-2023-100538,2023-04-10,2023-04-10,Standard Class,CG-10106,Customer_238,Consumer,United States,New York,New York,10024.0,North,TEC-PH-10538,Furniture,Tables,Tables Item 538,$407.42,3,0.0,70.52
539,CA-2023-100539,2023-08-19,2023-08-19,First Class,CG-10140,Customer_239,Consumer,United States,New York,New York,10024.0,South,TEC-PH-10539,Technology,Machines,Machines Item 539,48.13,1,0.1,-10.26
540,CA-2023-100540,2023-04-10,2023-04-10,Same Day,CG-10253,Customer_240,Consumer,United States,New York,New York,10024.0,West,TEC-PH-10540,Furniture,Bookcases,Bookcases Item 540,$340.50,5,0.2,-9500.0
541,CA-2023-100541,2023-08-23,2023-08-23,First Class,CG-10129,Customer_241,Corporate,United States,New York,New York,10024.0,North,TEC-PH-10541,Furniture,Tables,Tables Item 541,219.21,2,0.5,-4.21
542,CA-2023-100542,2023-01-19,2023-01-19,Second Class,CG-10294,Customer_242,Corporate,United States,New York,New York,10024.0,North,TEC-PH-10542,Furniture,Tables,Tables Item 542,117.49,7,0.5,7.62
543,CA-2023-100543,2023-08-01,2023-08-01,First Class,CG-10018,Customer_243,Consumer,United States,New York,New York,,West,TEC-PH-10543,Furniture,Furnishings,Furnishings Item 543,$197.46,5,0.0,32.53
544,CA-2023-100544,2023-10-26,2023-10-26,Standard Class,CG-10279,Customer_244,Corporate,United States,New York,New York,,West,TEC-PH-10544,Technology,Machines,Machines Item 544,69.22,9,0.2,-2.27
545,CA-2023-100545,2023-02-15,2023-02-15,Standard Class,CG-10229,Customer_245,Home Office,United States,New York,New York,,North,TEC-PH-10545,Furniture,Bookcases,Bookcases Item 545,26.55,8,0.0,-20.26
546,CA-2023-100546,2023-05-10,2023-05-10,First Class,CG-10177,Customer_246,Consumer,United States,New York,New York,10024.0,South,TEC-PH-10546,Office Supplies,Storage,Storage Item 546,226.52,8,0.3,7.76
547,CA-2023-100547,2023-03-18,2023-03-18,Standard Class,CG-10275,Customer_247,Consumer,United States,New York,New York,10024.0,West,TEC-PH-10547,Furniture,Tables,Tables Item 547,$244.57,8,0.0,41.68
548,CA-2023-100548,2023-02-25,2023-02-25,Same Day,CG-10005,Customer_248,Consumer,United States,New York,New York,10024.0,West,TEC-PH-10548,Office Supplies,Labels,Labels Item 548,40.13,2,0.3,-1.65
549,CA-2023-100549,2023-12-02,2023-12-02,First Class,CG-10108,Customer_249,Consumer,United States,New York,New York,10024.0,East,TEC-PH-10549,Furniture,Chairs,Chairs Item 549,77.22,8,0.15,6.88
550,CA-2023-100550,2023-12-16,2023-12-16,First Class,CG-10254,Customer_250,Corporate,United States,New York,New York,10024.0,South,TEC-PH-10550,Technology,Phones,Phones Item 550,17.65,7,0.1,-22.78
551,CA-2023-100551,2023-02-15,2023-02-15,Second Class,CG-10248,Customer_251,Consumer,United States,New York,New York,10024.0,North,TEC-PH-10551,Office Supplies,Art,Art Item 551,68.28,4,0.3,-1.27
552,CA-2023-100552,2023-05-23,2023-05-23,Standard Class,CG-10237,Customer_252,Corporate,United States,New York,New York,10024.0,North,TEC-PH-10552,Office Supplies,Appliances,Appliances Item 552,175.69,11,0.2,10.51
553,CA-2023-100553,2023-12-12,2023-12-12,Second Class,CG-10256,Customer_253,Home Office,United States,New York,New York,10024.0,East,TEC-PH-10553,Office Supplies,Art,Art Item 553,71.89,4,0.3,-1.88
554,CA-2023-100554,2023-02-13,2023-02-13,First Class,CG-10106,Customer_254,Corporate,United States,New York,New York,10024.0,North,TEC-PH-10554,Technology,Machines,Machines Item 554,266.66,8,0.15,41.52
555,CA-2023-100555,2023-09-08,2023-09-08,Standard Class,CG-10256,Customer_255,Corporate,United States,New York,New York,10024.0,East,TEC-PH-10555,Furniture,Tables,Tables Item 555,154.94,5,0.0,23.71
556,CA-2023-100556,2023-12-22,2023-12-22,Same Day,CG-10292,Customer_256,Corporate,United States,New York,New York,10024.0,East,TEC-PH-10556,Office Supplies,Paper,Paper Item 556,107.88,3,0.5,-0.2
557,CA-2023-100557,2023-09-23,2023-09-23,Second Class,CG-10105,Customer_257,Home Office,United States,New York,New York,10024.0,North,TEC-PH-10557,Furniture,Furnishings,Furnishings Item 557,$270.68,5,0.1,30.07
558,CA-2023-100558,2023-02-10,2023-02-10,Standard Class,CG-10167,Customer_258,Consumer,United States,New York,New York,,East,TEC-PH-10558,Technology,Phones,Phones Item 558,$84.45,10,0.2,4.1
559,CA-2023-100559,2023-01-06,2023-01-06,First Class,CG-10150,Customer_259,Home Office,United States,New York,New York,,East,TEC-PH-10559,Technology,Machines,Machines Item 559,516.68,10,0.5,48.04
560,CA-2023-100560,2023-08-16,2023-08-16,First Class,CG-10299,Customer_260,Home Office,United States,New York,New York,10024.0,West,TEC-PH-10560,Office Supplies,Paper,Paper Item 560,89.07,1,0.5,3.84
561,CA-2023-100561,2023-12-04,2023-12-04,First Class,CG-10214,Customer_261,Consumer,United States,New York,New York,10024.0,South,TEC-PH-10561,Technology,Machines,Machines Item 561,414.63,11,0.2,44.5
562,CA-2023-100562,2023-12-26,2023-12-26,First Class,CG-10246,Customer_262,Home Office,United States,New York,New York,10024.0,South,TEC-PH-10562,Furniture,Chairs,Chairs Item 562,$154.16,7,0.3,8.31
563,CA-2023-100563,2023-03-13,2023-03-13,Second Class,CG-10206,Customer_263,Consumer,United States,New York,New York,10024.0,West,TEC-PH-10563,Office Supplies,Appliances,Appliances Item 563,$143.41,1,0.1,2.41
564,CA-2023-100564,2023-02-05,2023-02-05,First Class,CG-10266,Customer_264,Home Office,United States,New York,New York,,West,TEC-PH-10564,Office Supplies,Art,Art Item 564,$17.40,5,0.2,-11.33
565,CA-2023-100565,2023-03-21,2023-03-21,Same Day,CG-10193,Customer_265,Consumer,United States,New York,New York,10024.0,East,TEC-PH-10565,Technology,Phones,Phones Item 565,164.57,10,0.5,4.31
566,CA-2023-100566,2023-09-20,2023-09-20,Standard Class,CG-10296,Customer_266,Corporate,United States,New York,New York,10024.0,North,TEC-PH-10566,Office Supplies,Labels,Labels Item 566,25.04,9,0.0,-18.85
567,CA-2023-100567,2023-11-17,2023-11-17,Same Day,CG-10108,Customer_267,Corporate,United States,New York,New York,10024.0,West,TEC-PH-10567,Office Supplies,Storage,Storage Item 567,17.64,8,0.0,-15.33
568,CA-2023-100568,2023-08-14,2023-08-14,First Class,CG-10182,Customer_268,Home Office,United States,New York,New York,10024.0,North,TEC-PH-10568,Furniture,Chairs,Chairs Item 568,117.3,5,0.2,-7.53
569,CA-2023-100569,2023-01-01,2023-01-01,Standard Class,CG-10277,Customer_269,Corporate,United States,New York,New York,10024.0,North,TEC-PH-10569,Technology,Machines,Machines Item 569,113.01,9,0.3,-8.19
570,CA-2023-100570,2023-02-21,2023-02-21,Same Day,CG-10198,Customer_270,Consumer,United States,New York,New York,10024.0,East,TEC-PH-10570,Office Supplies,Paper,Paper Item 570,193.57,7,0.2,21.16
571,CA-2023-100571,2023-07-22,2023-07-22,First Class,CG-10042,Customer_271,Consumer,United States,New York,New York,10024.0,East,TEC-PH-10571,Technology,Phones,Phones Item 571,16.55,2,0.15,-25.61
572,CA-2023-100572,2023-07-18,2023-07-18,Standard Class,CG-10246,Customer_272,Home Office,United States,New York,New York,10024.0,East,TEC-PH-10572,Technology,Phones,Phones Item 572,205.97,4,0.15,15.19
573,CA-2023-100573,2023-04-24,2023-04-24,Standard Class,CG-10196,Customer_273,Consumer,United States,New York,New York,10024.0,West,TEC-PH-10573,Technology,Accessories,Accessories Item 573,29.33,9,0.3,-1.93
574,CA-2023-100574,2023-11-03,2023-11-03,First Class,CG-10209,Customer_274,Corporate,United States,New York,New York,10024.0,South,TEC-PH-10574,Furniture,Chairs,Chairs Item 574,1173.53,2,0.0,231.88
575,CA-2023-100575,2023-04-01,2023-04-01,Standard Class,CG-10109,Customer_275,Consumer,United States,New York,New York,10024.0,West,TEC-PH-10575,Technology,Accessories,Accessories Item 575,195.32,11,0.15,23.08
576,CA-2023-100576,2023-11-18,2023-11-18,First Class,CG-10167,Customer_276,Corporate,United States,New York,New York,10024.0,East,TEC-PH-10576,Office Supplies,Storage,Storage Item 576,65.24,6,0.1,-13.2
577,CA-2023-100577,2023-06-27,2023-06-27,First Class,CG-10201,Customer_277,Corporate,United States,New York,New York,10024.0,West,TEC-PH-10577,Furniture,Furnishings,Furnishings Item 577,$665.34,2,0.2,109.79
578,CA-2023-100578,2023-12-12,2023-12-12,Second Class,CG-10235,Customer_278,Corporate,United States,New York,New York,10024.0,East,TEC-PH-10578,Office Supplies,Storage,Storage Item 578,86.13,4,0.2,2.08
579,CA-2023-100579,2023-09-12,2023-09-12,Second Class,CG-10133,Customer_279,Corporate,United States,New York,New York,10024.0,North,TEC-PH-10579,Office Supplies,Appliances,Appliances Item 579,43.13,8,0.0,-4.35
580,CA-2023-100580,2023-01-04,2023-01-04,First Class,CG-10297,Customer_280,Home Office,United States,New York,New York,10024.0,West,TEC-PH-10580,Furniture,Tables,Tables Item 580,$147.38,10,0.5,-4.81
581,CA-2023-100581,2023-12-15,2023-12-15,Second Class,CG-10178,Customer_281,Corporate,United States,New York,New York,10024.0,South,TEC-PH-10581,Office Supplies,Binders,Binders Item 581,241.67,10,0.15,34.92
582,CA-2023-100582,2023-01-07,2023-01-07,Standard Class,CG-10004,Customer_282,Corporate,United States,New York,New York,10024.0,South,TEC-PH-10582,Office Supplies,Storage,Storage Item 582,781.04,3,0.3,110.3
583,CA-2023-100583,2023-03-21,2023-03-21,Same Day,CG-10004,Customer_283,Home Office,United States,New York,New York,10024.0,South,TEC-PH-10583,Technology,Machines,Machines Item 583,147.39,10,0.0,21.99
584,CA-2023-100584,2023-12-25,2023-12-25,Same Day,CG-10141,Customer_284,Consumer,United States,New York,New York,10024.0,West,TEC-PH-10584,Office Supplies,Storage,Storage Item 584,105.34,6,0.15,8.03
585,CA-2023-100585,2023-04-02,2023-04-02,Same Day,CG-10171,Customer_285,Consumer,United States,New York,New York,10024.0,West,TEC-PH-10585,Technology,Machines,Machines Item 585,30.71,9,0.1,0.83
586,CA-2023-100586,2023-04-07,2023-04-07,First Class,CG-10013,Customer_286,Home Office,United States,New York,New York,10024.0,East,TEC-PH-10586,Furniture,Bookcases,Bookcases Item 586,$510.51,10,0.2,66.67
587,CA-2023-100587,2023-03-03,2023-03-03,Same Day,CG-10005,Customer_287,Consumer,United States,New York,New York,,West,TEC-PH-10587,Technology,Phones,Phones Item 587,$631.57,1,0.0,115.15
588,CA-2023-100588,2023-11-13,2023-11-13,First Class,CG-10066,Customer_288,Corporate,United States,New York,New York,10024.0,North,TEC-PH-10588,Furniture,Bookcases,Bookcases Item 588,$264.73,2,0.15,43.23
589,CA-2023-100589,2023-01-13,2023-01-13,First Class,CG-10091,Customer_289,Corporate,United States,New York,New York,10024.0,North,TEC-PH-10589,Office Supplies,Appliances,Appliances Item 589,$89.64,9,0.2,7.44
590,CA-2023-100590,2023-01-20,2023-01-20,Standard Class,CG-10278,Customer_290,Corporate,United States,New York,New York,10024.0,West,TEC-PH-10590,Furniture,Tables,Tables Item 590,$262.49,1,0.3,22.93
591,CA-2023-100591,2023-10-15,2023-10-15,Second Class,CG-10123,Customer_291,Corporate,United States,New York,New York,10024.0,South,TEC-PH-10591,Technology,Accessories,Accessories Item 591,$37.28,5,0.5,-13.38
592,CA-2023-100592,2023-09-16,2023-09-16,First Class,CG-10092,Customer_292,Corporate,United States,New York,New York,10024.0,North,TEC-PH-10592,Furniture,Bookcases,Bookcases Item 592,234.89,2,0.2,23.24
593,CA-2023-100593,2023-07-10,2023-07-10,First Class,CG-10053,Customer_293,Consumer,United States,New York,New York,10024.0,West,TEC-PH-10593,Technology,Machines,Machines Item 593,$34.57,10,0.3,-0.91
594,CA-2023-100594,2023-06-26,2023-06-26,First Class,CG-10039,Customer_294,Corporate,United States,New York,New York,10024.0,West,TEC-PH-10594,Technology,Accessories,Accessories Item 594,887.43,10,0.15,142.55
595,CA-2023-100595,2023-05-07,2023-05-07,First Class,CG-10102,Customer_295,Home Office,United States,New York,New York,10024.0,West,TEC-PH-10595,Office Supplies,Art,Art Item 595,21.24,10,0.15,-19.16
596,CA-2023-100596,2023-12-07,2023-12-07,Standard Class,CG-10281,Customer_296,Home Office,United States,New York,New York,10024.0,East,TEC-PH-10596,Office Supplies,Appliances,Appliances Item 596,274.83,1,0.15,32.91
597,CA-2023-100597,2023-02-06,2023-02-06,Standard Class,CG-10010,Customer_297,Corporate,United States,New York,New York,10024.0,South,TEC-PH-10597,Office Supplies,Storage,Storage Item 597,31.6,10,0.3,-21.59
598,CA-2023-100598,2023-10-21,2023-10-21,Standard Class,CG-10230,Customer_298,Home Office,United States,New York,New York,10024.0,North,TEC-PH-10598,Furniture,Chairs,Chairs Item 598,$914.01,1,0.15,153.97
599,CA-2023-100599,2023-08-16,2023-08-16,First Class,CG-10235,Customer_299,Corporate,United States,New York,New York,,North,TEC-PH-10599,Furniture,Furnishings,Furnishings Item 599,$289.86,1,0.3,36.15
600,CA-2023-100600,2023-11-08,2023-11-08,Same Day,CG-10097,Customer_0,Corporate,United States,New York,New York,,South,TEC-PH-10600,Furniture,Bookcases,Bookcases Item 600,$85.15,11,0.5,-16.6
601,CA-2023-100601,2023-02-25,2023-02-25,Standard Class,CG-10265,Customer_1,Home Office,United States,New York,New York,10024.0,West,TEC-PH-10601,Furniture,Chairs,Chairs Item 601,$264.27,5,0.2,28.66
602,CA-2023-100602,2023-06-07,2023-06-07,First Class,CG-10232,Customer_2,Corporate,United States,New York,New York,10024.0,North,TEC-PH-10602,Furniture,Tables,Tables Item 602,$66.63,4,0.3,0.65
603,CA-2023-100603,2023-09-27,2023-09-27,Same Day,CG-10090,Customer_3,Corporate,United States,New York,New York,10024.0,West,TEC-PH-10603,Furniture,Furnishings,Furnishings Item 603,$71.68,5,0.0,-2.76
604,CA-2023-100604,2023-11-26,2023-11-26,Second Class,CG-10025,Customer_4,Home Office,United States,New York,New York,10024.0,West,TEC-PH-10604,Technology,Accessories,Accessories Item 604,$305.34,10,0.1,46.65
605,CA-2023-100605,2023-06-26,2023-06-26,Second Class,CG-10053,Customer_5,Corporate,United States,New York,New York,10024.0,East,TEC-PH-10605,Office Supplies,Paper,Paper Item 605,$194.79,9,0.5,8.21
606,CA-2023-100606,2023-04-01,2023-04-01,Standard Class,CG-10209,Customer_6,Corporate,United States,New York,New York,10024.0,East,TEC-PH-10606,Furniture,Tables,Tables Item 606,29.46,5,0.2,-21.09
607,CA-2023-100607,2023-08-22,2023-08-22,Same Day,CG-10024,Customer_7,Corporate,United States,New York,New York,10024.0,North,TEC-PH-10607,Technology,Machines,Machines Item 607,$73.90,3,0.5,-16.24
608,CA-2023-100608,2023-01-15,2023-01-15,Second Class,CG-10115,Customer_8,Home Office,United States,New York,New York,10024.0,West,TEC-PH-10608,Office Supplies,Appliances,Appliances Item 608,274.56,6,0.0,46.63
609,CA-2023-100609,2023-07-07,2023-07-07,First Class,CG-10039,Customer_9,Corporate,United States,New York,New York,10024.0,North,TEC-PH-10609,Technology,Accessories,Accessories Item 609,15.58,2,0.0,-10.44
610,CA-2023-100610,2023-04-20,2023-04-20,Second Class,CG-10117,Customer_10,Consumer,United States,New York,New York,10024.0,South,TEC-PH-10610,Office Supplies,Paper,Paper Item 610,42.31,2,0.0,-11.03
611,CA-2023-100611,2023-09-16,2023-09-16,Second Class,CG-10083,Customer_11,Home Office,United States,New York,New York,,West,TEC-PH-10611,Technology,Phones,Phones Item 611,$105.51,6,0.2,9.97
612,CA-2023-100612,2023-04-04,2023-04-04,Same Day,CG-10181,Customer_12,Home Office,United States,New York,New York,10024.0,West,TEC-PH-10612,Office Supplies,Labels,Labels Item 612,345.73,5,0.3,34.62
613,CA-2023-100613,2023-05-17,2023-05-17,Same Day,CG-10188,Customer_13,Corporate,United States,New York,New York,10024.0,South,TEC-PH-10613,Technology,Copiers,Copiers Item 613,297.62,7,0.3,39.86
614,CA-2023-100614,2023-01-03,2023-01-03,Second Class,CG-10002,Customer_14,Consumer,United States,New York,New York,10024.0,South,TEC-PH-10614,Technology,Accessories,Accessories Item 614,$59.67,4,0.5,-10.11
615,CA-2023-100615,2023-03-05,2023-03-05,Standard Class,CG-10106,Customer_15,Corporate,United States,New York,New York,10024.0,North,TEC-PH-10615,Office Supplies,Storage,Storage Item 615,135.65,7,0.5,-1.02
616,CA-2023-100616,2023-02-09,2023-02-09,Second Class,CG-10185,Customer_16,Consumer,United States,New York,New York,,North,TEC-PH-10616,Office Supplies,Paper,Paper Item 616,83.39,1,0.0,1.49
617,CA-2023-100617,2023-04-18,2023-04-18,Second Class,CG-10172,Customer_17,Home Office,United States,New York,New York,,North,TEC-PH-10617,Furniture,Tables,Tables Item 617,$109.85,10,0.3,-5.1
618,CA-2023-100618,2023-02-26,2023-02-26,First Class,CG-10020,Customer_18,Home Office,United States,New York,New York,10024.0,East,TEC-PH-10618,Office Supplies,Labels,Labels Item 618,$522.29,10,0.5,52.03
619,CA-2023-100619,2023-08-12,2023-08-12,Second Class,CG-10236,Customer_19,Consumer,United States,New York,New York,10024.0,South,TEC-PH-10619,Technology,Phones,Phones Item 619,92.03,1,0.2,5.28
620,CA-2023-100620,2023-02-12,2023-02-12,Standard Class,CG-10131,Customer_20,Consumer,United States,New York,New York,10024.0,North,TEC-PH-10620,Technology,Accessories,Accessories Item 620,30.94,1,0.5,-14.64
621,CA-2023-100621,2023-03-13,2023-03-13,First Class,CG-10163,Customer_21,Corporate,United States,New York,New York,10024.0,North,TEC-PH-10621,Technology,Copiers,Copiers Item 621,$142.47,3,0.5,-2.19
622,CA-2023-100622,2023-05-26,2023-05-26,Second Class,CG-10256,Customer_22,Corporate,United States,New York,New York,10024.0,North,TEC-PH-10622,Technology,Copiers,Copiers Item 622,$29.57,2,0.1,-6.79
623,CA-2023-100623,2023-03-26,2023-03-26,Standard Class,CG-10126,Customer_23,Consumer,United States,New York,New York,10024.0,South,TEC-PH-10623,Office Supplies,Paper,Paper Item 623,188.3,6,0.5,2.34
624,CA-2023-100624,2023-07-02,2023-07-02,Second Class,CG-10146,Customer_24,Corporate,United States,New York,New York,10024.0,West,TEC-PH-10624,Furniture,Bookcases,Bookcases Item 624,569.15,1,0.2,80.06
625,CA-2023-100625,2023-12-08,2023-12-08,Second Class,CG-10115,Customer_25,Consumer,United States,New York,New York,10024.0,South,TEC-PH-10625,Furniture,Furnishings,Furnishings Item 625,82.45,2,0.15,-7.98
626,CA-2023-100626,2023-08-26,2023-08-26,First Class,CG-10190,Customer_26,Home Office,United States,New York,New York,10024.0,North,TEC-PH-10626,Technology,Accessories,Accessories Item 626,374.25,8,0.15,64.77
627,CA-2023-100627,2023-01-15,2023-01-15,Same Day,CG-10279,Customer_27,Home Office,United States,New York,New York,10024.0,North,TEC-PH-10627,Furniture,Tables,Tables Item 627,358.02,1,0.15,40.0
628,CA-2023-100628,2023-12-01,2023-12-01,First Class,CG-10279,Customer_28,Consumer,United States,New York,New York,,West,TEC-PH-10628,Technology,Copiers,Copiers Item 628,457.9,10,0.3,59.06
629,CA-2023-100629,2023-01-17,2023-01-17,Second Class,CG-10134,Customer_29,Corporate,United States,New York,New York,,North,TEC-PH-10629,Furniture,Tables,Tables Item 629,$621.83,7,0.0,119.8
630,CA-2023-100630,2023-07-26,2023-07-26,Second Class,CG-10150,Customer_30,Corporate,United States,New York,New York,10024.0,West,TEC-PH-10630,Furniture,Tables,Tables Item 630,$235.61,8,0.2,31.66
631,CA-2023-100631,2023-05-09,2023-05-09,Second Class,CG-10183,Customer_31,Home Office,United States,New York,New York,10024.0,West,TEC-PH-10631,Furniture,Bookcases,Bookcases Item 631,268.4,3,0.1,24.89
632,CA-2023-100632,2023-06-03,2023-06-03,First Class,CG-10120,Customer_32,Consumer,United States,New York,New York,10024.0,South,TEC-PH-10632,Office Supplies,Appliances,Appliances Item 632,667.91,3,0.1,116.77
633,CA-2023-100633,2023-03-11,2023-03-11,Standard Class,CG-10094,Customer_33,Home Office,United States,New York,New York,10024.0,East,TEC-PH-10633,Office Supplies,Paper,Paper Item 633,155.46,9,0.2,-1.69
634,CA-2023-100634,2023-08-03,2023-08-03,Second Class,CG-10139,Customer_34,Home Office,United States,New York,New York,10024.0,West,TEC-PH-10634,Technology,Accessories,Accessories Item 634,148.05,9,0.1,23.7
635,CA-2023-100635,2023-10-17,2023-10-17,Same Day,CG-10160,Customer_35,Corporate,United States,New York,New York,10024.0,East,TEC-PH-10635,Furniture,Chairs,Chairs Item 635,$25.61,10,0.0,0.14
636,CA-2023-100636,2023-10-14,2023-10-14,Same Day,CG-10281,Customer_36,Corporate,United States,New York,New York,,East,TEC-PH-10636,Furniture,Furnishings,Furnishings Item 636,300.05,3,0.1,29.9
637,CA-2023-100637,2023-05-27,2023-05-27,Second Class,CG-10198,Customer_37,Corporate,United States,New York,New York,10024.0,South,TEC-PH-10637,Technology,Accessories,Accessories Item 637,588.22,6,0.3,65.31
638,CA-2023-100638,2023-12-02,2023-12-02,Same Day,CG-10214,Customer_38,Home Office,United States,New York,New York,10024.0,East,TEC-PH-10638,Technology,Phones,Phones Item 638,$37.87,4,0.15,-18.56
639,CA-2023-100639,2023-01-07,2023-01-07,Second Class,CG-10174,Customer_39,Home Office,United States,New York,New York,,North,TEC-PH-10639,Technology,Phones,Phones Item 639,$65.50,11,0.0,-6200.0
640,CA-2023-100640,2023-07-05,2023-07-05,Standard Class,CG-10058,Customer_40,Consumer,United States,New York,New York,,East,TEC-PH-10640,Office Supplies,Storage,Storage Item 640,18.53,9,0.15,-24.84
641,CA-2023-100641,2023-09-26,2023-09-26,Second Class,CG-10169,Customer_41,Home Office,United States,New York,New York,,North,TEC-PH-10641,Technology,Phones,Phones Item 641,$441.14,4,0.1,79.21
642,CA-2023-100642,2023-12-05,2023-12-05,Second Class,CG-10278,Customer_42,Consumer,United States,New York,New York,10024.0,East,TEC-PH-10642,Technology,Phones,Phones Item 642,529.7,9,0.0,87.48
643,CA-2023-100643,2023-06-01,2023-06-01,Same Day,CG-10216,Customer_43,Home Office,United States,New York,New York,10024.0,South,TEC-PH-10643,Technology,Accessories,Accessories Item 643,$258.42,4,0.3,23.42
644,CA-2023-100644,2023-08-16,2023-08-16,First Class,CG-10172,Customer_44,Consumer,United States,New York,New York,10024.0,West,TEC-PH-10644,Furniture,Furnishings,Furnishings Item 644,494.82,7,0.0,101.38
645,CA-2023-100645,2023-01-05,2023-01-05,Second Class,CG-10208,Customer_45,Corporate,United States,New York,New York,10024.0,West,TEC-PH-10645,Furniture,Bookcases,Bookcases Item 645,$258.97,11,0.1,28.86
646,CA-2023-100646,2023-03-26,2023-03-26,Second Class,CG-10029,Customer_46,Home Office,United States,New York,New York,10024.0,South,TEC-PH-10646,Furniture,Chairs,Chairs Item 646,150.27,5,0.2,14.22
647,CA-2023-100647,2023-10-14,2023-10-14,Standard Class,CG-10276,Customer_47,Consumer,United States,New York,New York,10024.0,North,TEC-PH-10647,Furniture,Bookcases,Bookcases Item 647,436.34,1,0.0,81.96
648,CA-2023-100648,2023-06-17,2023-06-17,First Class,CG-10219,Customer_48,Consumer,United States,New York,New York,10024.0,West,TEC-PH-10648,Technology,Accessories,Accessories Item 648,424.29,1,0.1,64.31
649,CA-2023-100649,2023-10-17,2023-10-17,Same Day,CG-10007,Customer_49,Consumer,United States,New York,New York,10024.0,West,TEC-PH-10649,Technology,Copiers,Copiers Item 649,43.24,10,0.3,-1.0
650,CA-2023-100650,2023-04-16,2023-04-16,Standard Class,CG-10288,Customer_50,Corporate,United States,New York,New York,10024.0,West,TEC-PH-10650,Furniture,Furnishings,Furnishings Item 650,125.23,1,0.3,-9.85
651,CA-2023-100651,2023-04-06,2023-04-06,First Class,CG-10055,Customer_51,Corporate,United States,New York,New York,10024.0,North,TEC-PH-10651,Office Supplies,Appliances,Appliances Item 651,$34.93,5,0.3,-5.56
652,CA-2023-100652,2023-06-07,2023-06-07,Second Class,CG-10255,Customer_52,Home Office,United States,New York,New York,10024.0,South,TEC-PH-10652,Furniture,Chairs,Chairs Item 652,28.42,10,0.0,-3.7
653,CA-2023-100653,2023-06-27,2023-06-27,Standard Class,CG-10187,Customer_53,Consumer,United States,New York,New York,10024.0,South,TEC-PH-10653,Office Supplies,Art,Art Item 653,198.08,4,0.1,29.32
654,CA-2023-100654,2023-06-19,2023-06-19,Second Class,CG-10053,Customer_54,Consumer,United States,New York,New York,10024.0,South,TEC-PH-10654,Furniture,Tables,Tables Item 654,318.0,3,0.2,32.75
655,CA-2023-100655,2023-12-15,2023-12-15,First Class,CG-10101,Customer_55,Consumer,United States,New York,New York,10024.0,East,TEC-PH-10655,Office Supplies,Storage,Storage Item 655,401.29,4,0.5,31.64
656,CA-2023-100656,2023-02-06,2023-02-06,First Class,CG-10059,Customer_56,Corporate,United States,New York,New York,10024.0,East,TEC-PH-10656,Technology,Copiers,Copiers Item 656,$109.03,4,0.2,3.93
657,CA-2023-100657,2023-02-14,2023-02-14,Second Class,CG-10202,Customer_57,Corporate,United States,New York,New York,10024.0,West,TEC-PH-10657,Office Supplies,Appliances,Appliances Item 657,$43.68,11,0.3,-17.19
658,CA-2023-100658,2023-09-21,2023-09-21,Second Class,CG-10171,Customer_58,Home Office,United States,New York,New York,10024.0,East,TEC-PH-10658,Office Supplies,Storage,Storage Item 658,27.91,8,0.2,-17.09
659,CA-2023-100659,2023-08-09,2023-08-09,Standard Class,CG-10101,Customer_59,Corporate,United States,New York,New York,10024.0,West,TEC-PH-10659,Furniture,Chairs,Chairs Item 659,342.26,5,0.2,53.7
660,CA-2023-100660,2023-06-22,2023-06-22,Second Class,CG-10067,Customer_60,Home Office,United States,New York,New York,10024.0,West,TEC-PH-10660,Furniture,Chairs,Chairs Item 660,96.9,1,0.15,9.13
661,CA-2023-100661,2023-12-17,2023-12-17,Same Day,CG-10262,Customer_61,Home Office,United States,New York,New York,10024.0,South,TEC-PH-10661,Technology,Copiers,Copiers Item 661,240.04,1,0.5,-2.85
662,CA-2023-100662,2023-01-18,2023-01-18,Same Day,CG-10156,Customer_62,Corporate,United States,New York,New York,10024.0,West,TEC-PH-10662,Technology,Machines,Machines Item 662,396.67,11,0.5,34.74
663,CA-2023-100663,2023-12-27,2023-12-27,Second Class,CG-10206,Customer_63,Home Office,United States,New York,New York,10024.0,South,TEC-PH-10663,Office Supplies,Art,Art Item 663,277.64,3,0.2,20.17
664,CA-2023-100664,2023-01-02,2023-01-02,Second Class,CG-10103,Customer_64,Consumer,United States,New York,New York,10024.0,North,TEC-PH-10664,Furniture,Tables,Tables Item 664,$143.11,11,0.2,0.87
665,CA-2023-100665,2023-07-14,2023-07-14,Standard Class,CG-10242,Customer_65,Corporate,United States,New York,New York,10024.0,North,TEC-PH-10665,Furniture,Chairs,Chairs Item 665,$127.20,8,0.2,-2.85
666,CA-2023-100666,2023-10-26,2023-10-26,Same Day,CG-10083,Customer_66,Consumer,United States,New York,New York,10024.0,West,TEC-PH-10666,Furniture,Tables,Tables Item 666,$231.02,5,0.15,25.67
667,CA-2023-100667,2023-03-26,2023-03-26,Standard Class,CG-10115,Customer_67,Home Office,United States,New York,New York,10024.0,East,TEC-PH-10667,Office Supplies,Storage,Storage Item 667,$289.03,7,0.5,21.27
668,CA-2023-100668,2023-04-19,2023-04-19,First Class,CG-10255,Customer_68,Corporate,United States,New York,New York,10024.0,North,TEC-PH-10668,Technology,Copiers,Copiers Item 668,$37.52,3,0.15,1.56
669,CA-2023-100669,2023-02-11,2023-02-11,Same Day,CG-10258,Customer_69,Corporate,United States,New York,New York,,North,TEC-PH-10669,Office Supplies,Labels,Labels Item 669,$175.13,6,0.15,22.98
670,CA-2023-100670,2023-01-10,2023-01-10,Second Class,CG-10236,Customer_70,Consumer,United States,New York,New York,10024.0,East,TEC-PH-10670,Furniture,Bookcases,Bookcases Item 670,$722.05,2,0.0,137.24
671,CA-2023-100671,2023-11-01,2023-11-01,First Class,CG-10289,Customer_71,Consumer,United States,New York,New York,10024.0,West,TEC-PH-10671,Technology,Copiers,Copiers Item 671,$478.96,8,0.3,54.69
672,CA-2023-100672,2023-05-22,2023-05-22,Same Day,CG-10242,Customer_72,Consumer,United States,New York,New York,10024.0,South,TEC-PH-10672,Technology,Phones,Phones Item 672,37.25,9,0.15,-22.15
673,CA-2023-100673,2023-06-08,2023-06-08,Second Class,CG-10219,Customer_73,Corporate,United States,New York,New York,,South,TEC-PH-10673,Furniture,Bookcases,Bookcases Item 673,$108.31,11,0.15,-0.53
674,CA-2023-100674,2023-09-01,2023-09-01,Same Day,CG-10113,Customer_74,Home Office,United States,New York,New York,10024.0,East,TEC-PH-10674,Furniture,Furnishings,Furnishings Item 674,127.26,4,0.5,2.26
675,CA-2023-100675,2023-01-20,2023-01-20,Standard Class,CG-10239,Customer_75,Consumer,United States,New York,New York,10024.0,North,TEC-PH-10675,Technology,Copiers,Copiers Item 675,22.43,8,0.15,-13.54
676,CA-2023-100676,2023-09-11,2023-09-11,Second Class,CG-10118,Customer_76,Consumer,United States,New York,New York,10024.0,North,TEC-PH-10676,Furniture,Chairs,Chairs Item 676,146.36,10,0.0,21.26
677,CA-2023-100677,2023-12-24,2023-12-24,First Class,CG-10180,Customer_77,Home Office,United States,New York,New York,10024.0,South,TEC-PH-10677,Technology,Copiers,Copiers Item 677,$48.58,1,0.5,-11.17
678,CA-2023-100678,2023-11-07,2023-11-07,Same Day,CG-10007,Customer_78,Home Office,United States,New York,New York,,West,TEC-PH-10678,Office Supplies,Appliances,Appliances Item 678,94.94,11,0.0,9.18
679,CA-2023-100679,2023-07-23,2023-07-23,Same Day,CG-10152,Customer_79,Corporate,United States,New York,New York,10024.0,South,TEC-PH-10679,Office Supplies,Binders,Binders Item 679,209.43,9,0.1,12.84
680,CA-2023-100680,2023-12-05,2023-12-05,Standard Class,CG-10023,Customer_80,Consumer,United States,New York,New York,10024.0,East,TEC-PH-10680,Furniture,Chairs,Chairs Item 680,89.24,11,0.0,-6.12
681,CA-2023-100681,2023-05-13,2023-05-13,Same Day,CG-10299,Customer_81,Consumer,United States,New York,New York,,North,TEC-PH-10681,Furniture,Bookcases,Bookcases Item 681,331.55,5,0.1,38.4
682,CA-2023-100682,2023-06-08,2023-06-08,Standard Class,CG-10052,Customer_82,Home Office,United States,New York,New York,10024.0,West,TEC-PH-10682,Office Supplies,Labels,Labels Item 682,"$1,216.88",7,0.3,161.57
683,CA-2023-100683,2023-01-27,2023-01-27,Second Class,CG-10114,Customer_83,Corporate,United States,New York,New York,10024.0,South,TEC-PH-10683,Furniture,Chairs,Chairs Item 683,$187.38,8,0.2,6.56
684,CA-2023-100684,2023-12-12,2023-12-12,First Class,CG-10079,Customer_84,Corporate,United States,New York,New York,10024.0,East,TEC-PH-10684,Technology,Machines,Machines Item 684,148.49,9,0.2,19.94
685,CA-2023-100685,2023-04-03,2023-04-03,Second Class,CG-10230,Customer_85,Consumer,United States,New York,New York,10024.0,West,TEC-PH-10685,Furniture,Furnishings,Furnishings Item 685,347.24,6,0.1,41.57
686,CA-2023-100686,2023-06-11,2023-06-11,Second Class,CG-10184,Customer_86,Corporate,United States,New York,New York,10024.0,North,TEC-PH-10686,Technology,Copiers,Copiers Item 686,137.45,9,0.5,-4.65
687,CA-2023-100687,2023-06-14,2023-06-14,Second Class,CG-10192,Customer_87,Home Office,United States,New York,New York,10024.0,South,TEC-PH-10687,Technology,Machines,Machines Item 687,289.05,7,0.0,34.73
688,CA-2023-100688,2023-11-22,2023-11-22,Same Day,CG-10034,Customer_88,Consumer,United States,New York,New York,,East,TEC-PH-10688,Office Supplies,Labels,Labels Item 688,$208.69,11,0.5,5.85
689,CA-2023-100689,2023-03-27,2023-03-27,Second Class,CG-10212,Customer_89,Corporate,United States,New York,New York,10024.0,South,TEC-PH-10689,Furniture,Chairs,Chairs Item 689,187.87,8,0.5,0.28
690,CA-2023-100690,2023-11-27,2023-11-27,Standard Class,CG-10228,Customer_90,Corporate,United States,New York,New York,10024.0,East,TEC-PH-10690,Furniture,Chairs,Chairs Item 690,$181.75,2,0.3,9.54
691,CA-2023-100691,2023-08-08,2023-08-08,Second Class,CG-10204,Customer_91,Corporate,United States,New York,New York,10024.0,South,TEC-PH-10691,Furniture,Bookcases,Bookcases Item 691,882.99,2,0.2,137.48
692,CA-2023-100692,2023-02-20,2023-02-20,Same Day,CG-10171,Customer_92,Consumer,United States,New York,New York,10024.0,South,TEC-PH-10692,Office Supplies,Storage,Storage Item 692,258.6,3,0.5,20.64
693,CA-2023-100693,2023-05-05,2023-05-05,Same Day,CG-10024,Customer_93,Consumer,United States,New York,New York,10024.0,West,TEC-PH-10693,Technology,Phones,Phones Item 693,103.79,7,0.0,8.12
694,CA-2023-100694,2023-09-12,2023-09-12,First Class,CG-10228,Customer_94,Consumer,United States,New York,New York,10024.0,North,TEC-PH-10694,Office Supplies,Binders,Binders Item 694,$71.15,1,0.1,-11.94
695,CA-2023-100695,2023-07-11,2023-07-11,First Class,CG-10128,Customer_95,Corporate,United States,New York,New York,10024.0,East,TEC-PH-10695,Technology,Accessories,Accessories Item 695,$656.54,8,0.0,118.3
696,CA-2023-100696,2023-02-16,2023-02-16,First Class,CG-10077,Customer_96,Home Office,United States,New York,New York,10024.0,East,TEC-PH-10696,Office Supplies,Binders,Binders Item 696,207.55,2,0.2,26.23
697,CA-2023-100697,2023-09-11,2023-09-11,Same Day,CG-10061,Customer_97,Home Office,United States,New York,New York,10024.0,West,TEC-PH-10697,Technology,Machines,Machines Item 697,$35.85,8,0.3,-20.94
698,CA-2023-100698,2023-10-06,2023-10-06,Standard Class,CG-10165,Customer_98,Corporate,United States,New York,New York,10024.0,East,TEC-PH-10698,Technology,Accessories,Accessories Item 698,188.13,11,0.1,17.08
699,CA-2023-100699,2023-10-11,2023-10-11,Standard Class,CG-10052,Customer_99,Consumer,United States,New York,New York,10024.0,North,TEC-PH-10699,Furniture,Bookcases,Bookcases Item 699,$312.98,1,0.15,47.51
700,CA-2023-100700,2023-01-22,2023-01-22,Standard Class,CG-10153,Customer_100,Home Office,United States,New York,New York,10024.0,East,TEC-PH-10700,Technology,Copiers,Copiers Item 700,216.84,4,0.3,6.36
701,CA-2023-100701,2023-10-23,2023-10-23,First Class,CG-10161,Customer_101,Corporate,United States,New York,New York,,West,TEC-PH-10701,Furniture,Chairs,Chairs Item 701,313.52,6,0.3,34.75
702,CA-2023-100702,2023-08-03,2023-08-03,Standard Class,CG-10275,Customer_102,Corporate,United States,New York,New York,,South,TEC-PH-10702,Technology,Phones,Phones Item 702,$646.55,4,0.3,85.31
703,CA-2023-100703,2023-05-26,2023-05-26,Standard Class,CG-10152,Customer_103,Corporate,United States,New York,New York,10024.0,West,TEC-PH-10703,Office Supplies,Labels,Labels Item 703,291.53,1,0.15,31.54
704,CA-2023-100704,2023-05-25,2023-05-25,First Class,CG-10203,Customer_104,Home Office,United States,New York,New York,10024.0,South,TEC-PH-10704,Office Supplies,Paper,Paper Item 704,$94.47,11,0.0,4.62
705,CA-2023-100705,2023-07-27,2023-07-27,Second Class,CG-10249,Customer_105,Home Office,United States,New York,New York,,South,TEC-PH-10705,Furniture,Tables,Tables Item 705,$441.75,4,0.2,65.04
706,CA-2023-100706,2023-10-08,2023-10-08,First Class,CG-10216,Customer_106,Corporate,United States,New York,New York,10024.0,South,TEC-PH-10706,Furniture,Chairs,Chairs Item 706,340.94,8,0.0,60.73
707,CA-2023-100707,2023-11-12,2023-11-12,Second Class,CG-10039,Customer_107,Home Office,United States,New York,New York,10024.0,South,TEC-PH-10707,Technology,Copiers,Copiers Item 707,209.58,4,0.1,16.3
708,CA-2023-100708,2023-07-09,2023-07-09,Second Class,CG-10188,Customer_108,Corporate,United States,New York,New York,10024.0,North,TEC-PH-10708,Office Supplies,Paper,Paper Item 708,753.47,8,0.0,138.09
709,CA-2023-100709,2023-04-10,2023-04-10,Second Class,CG-10057,Customer_109,Home Office,United States,New York,New York,10024.0,East,TEC-PH-10709,Office Supplies,Storage,Storage Item 709,$313.88,8,0.15,43.43
710,CA-2023-100710,2023-10-07,2023-10-07,Second Class,CG-10094,Customer_110,Consumer,United States,New York,New York,10024.0,South,TEC-PH-10710,Office Supplies,Binders,Binders Item 710,64.1,8,0.2,-4.17
711,CA-2023-100711,2023-05-24,2023-05-24,Same Day,CG-10278,Customer_111,Consumer,United States,New York,New York,10024.0,South,TEC-PH-10711,Office Supplies,Paper,Paper Item 711,428.03,5,0.2,50.43
712,CA-2023-100712,2023-12-23,2023-12-23,Standard Class,CG-10208,Customer_112,Consumer,United States,New York,New York,10024.0,South,TEC-PH-10712,Technology,Copiers,Copiers Item 712,274.87,4,0.3,36.29
713,CA-2023-100713,2023-11-05,2023-11-05,Standard Class,CG-10186,Customer_113,Corporate,United States,New York,New York,10024.0,South,TEC-PH-10713,Furniture,Tables,Tables Item 713,281.37,1,0.15,26.01
714,CA-2023-100714,2023-12-15,2023-12-15,Second Class,CG-10288,Customer_114,Home Office,United States,New York,New York,10024.0,North,TEC-PH-10714,Furniture,Furnishings,Furnishings Item 714,73.23,10,0.15,-11.38
715,CA-2023-100715,2023-07-07,2023-07-07,Same Day,CG-10091,Customer_115,Consumer,United States,New York,New York,10024.0,North,TEC-PH-10715,Furniture,Bookcases,Bookcases Item 715,428.69,2,0.0,75.03
716,CA-2023-100716,2023-08-13,2023-08-13,Same Day,CG-10105,Customer_116,Consumer,United States,New York,New York,10024.0,North,TEC-PH-10716,Furniture,Tables,Tables Item 716,679.54,5,0.15,105.54
717,CA-2023-100717,2023-07-16,2023-07-16,Standard Class,CG-10272,Customer_117,Home Office,United States,New York,New York,10024.0,South,TEC-PH-10717,Furniture,Furnishings,Furnishings Item 717,18.16,6,0.15,-19.24
718,CA-2023-100718,2023-08-01,2023-08-01,Second Class,CG-10286,Customer_118,Corporate,United States,New York,New York,10024.0,East,TEC-PH-10718,Technology,Accessories,Accessories Item 718,154.51,1,0.1,5.93
719,CA-2023-100719,2023-09-13,2023-09-13,Second Class,CG-10253,Customer_119,Corporate,United States,New York,New York,10024.0,North,TEC-PH-10719,Furniture,Bookcases,Bookcases Item 719,$120.63,4,0.3,-0.5
720,CA-2023-100720,2023-10-01,2023-10-01,Second Class,CG-10085,Customer_120,Corporate,United States,New York,New York,10024.0,North,TEC-PH-10720,Furniture,Furnishings,Furnishings Item 720,45.05,3,0.0,-16.43
721,CA-2023-100721,2023-08-23,2023-08-23,Same Day,CG-10281,Customer_121,Consumer,United States,New York,New York,10024.0,North,TEC-PH-10721,Office Supplies,Storage,Storage Item 721,99.71,6,0.0,2.25
722,CA-2023-100722,2023-06-05,2023-06-05,First Class,CG-10169,Customer_122,Home Office,United States,New York,New York,10024.0,South,TEC-PH-10722,Furniture,Bookcases,Bookcases Item 722,$171.47,1,0.0,28.73
723,CA-2023-100723,2023-12-04,2023-12-04,Second Class,CG-10208,Customer_123,Consumer,United States,New York,New York,,West,TEC-PH-10723,Furniture,Tables,Tables Item 723,$547.78,10,0.2,88.59
724,CA-2023-100724,2023-02-01,2023-02-01,First Class,CG-10277,Customer_124,Consumer,United States,New York,New York,10024.0,South,TEC-PH-10724,Office Supplies,Labels,Labels Item 724,166.02,2,0.1,26.5
725,CA-2023-100725,2023-10-22,2023-10-22,Same Day,CG-10065,Customer_125,Home Office,United States,New York,New York,10024.0,South,TEC-PH-10725,Technology,Machines,Machines Item 725,713.07,1,0.1,125.93
726,CA-2023-100726,2023-01-02,2023-01-02,Standard Class,CG-10139,Customer_126,Consumer,United States,New York,New York,10024.0,East,TEC-PH-10726,Technology,Machines,Machines Item 726,88.48,7,0.3,6.17
727,CA-2023-100727,2023-11-18,2023-11-18,Standard Class,CG-10198,Customer_127,Home Office,United States,New York,New York,,East,TEC-PH-10727,Office Supplies,Art,Art Item 727,$441.08,9,0.1,61.73
728,CA-2023-100728,2023-10-25,2023-10-25,First Class,CG-10265,Customer_128,Consumer,United States,New York,New York,10024.0,West,TEC-PH-10728,Technology,Accessories,Accessories Item 728,192.67,1,0.2,15.52
729,CA-2023-100729,2023-02-10,2023-02-10,Same Day,CG-10204,Customer_129,Corporate,United States,New York,New York,10024.0,East,TEC-PH-10729,Furniture,Tables,Tables Item 729,$858.67,6,0.1,144.74
730,CA-2023-100730,2023-03-15,2023-03-15,Second Class,CG-10139,Customer_130,Consumer,United States,New York,New York,10024.0,East,TEC-PH-10730,Furniture,Chairs,Chairs Item 730,$112.59,10,0.5,-1.7
731,CA-2023-100731,2023-03-10,2023-03-10,First Class,CG-10068,Customer_131,Corporate,United States,New York,New York,10024.0,North,TEC-PH-10731,Technology,Copiers,Copiers Item 731,$47.29,10,0.5,-22.53
732,CA-2023-100732,2023-03-17,2023-03-17,Second Class,CG-10153,Customer_132,Corporate,United States,New York,New York,10024.0,West,TEC-PH-10732,Furniture,Tables,Tables Item 732,156.37,7,0.0,12.16
733,CA-2023-100733,2023-07-15,2023-07-15,Standard Class,CG-10217,Customer_133,Corporate,United States,New York,New York,10024.0,West,TEC-PH-10733,Office Supplies,Binders,Binders Item 733,530.56,10,0.1,86.74
734,CA-2023-100734,2023-11-09,2023-11-09,Same Day,CG-10230,Customer_134,Home Office,United States,New York,New York,10024.0,North,TEC-PH-10734,Technology,Machines,Machines Item 734,154.44,5,0.5,3.77
735,CA-2023-100735,2023-10-15,2023-10-15,First Class,CG-10270,Customer_135,Consumer,United States,New York,New York,10024.0,North,TEC-PH-10735,Furniture,Furnishings,Furnishings Item 735,17.46,10,0.2,-13.56
736,CA-2023-100736,2023-04-15,2023-04-15,Second Class,CG-10031,Customer_136,Home Office,United States,New York,New York,10024.0,West,TEC-PH-10736,Technology,Phones,Phones Item 736,193.33,9,0.15,19.23
737,CA-2023-100737,2023-03-03,2023-03-03,Same Day,CG-10228,Customer_137,Corporate,United States,New York,New York,10024.0,West,TEC-PH-10737,Furniture,Tables,Tables Item 737,151.95,3,0.2,6.02
738,CA-2023-100738,2023-05-15,2023-05-15,Second Class,CG-10203,Customer_138,Corporate,United States,New York,New York,10024.0,South,TEC-PH-10738,Office Supplies,Paper,Paper Item 738,149.49,5,0.15,-0.22
739,CA-2023-100739,2023-12-04,2023-12-04,First Class,CG-10205,Customer_139,Corporate,United States,New York,New York,10024.0,West,TEC-PH-10739,Office Supplies,Appliances,Appliances Item 739,147.73,11,0.3,-3.51
740,CA-2023-100740,2023-08-19,2023-08-19,Standard Class,CG-10077,Customer_140,Corporate,United States,New York,New York,,West,TEC-PH-10740,Technology,Phones,Phones Item 740,111.62,7,0.2,10.67
741,CA-2023-100741,2023-04-15,2023-04-15,Same Day,CG-10033,Customer_141,Corporate,United States,New York,New York,10024.0,South,TEC-PH-10741,Technology,Copiers,Copiers Item 741,107.78,10,0.0,-2.97
742,CA-2023-100742,2023-08-20,2023-08-20,First Class,CG-10125,Customer_142,Corporate,United States,New York,New York,10024.0,North,TEC-PH-10742,Furniture,Tables,Tables Item 742,550.32,2,0.0,104.23
743,CA-2023-100743,2023-01-27,2023-01-27,Same Day,CG-10015,Customer_143,Consumer,United States,New York,New York,10024.0,East,TEC-PH-10743,Furniture,Furnishings,Furnishings Item 743,101.61,11,0.0,4.07
744,CA-2023-100744,2023-06-14,2023-06-14,Same Day,CG-10249,Customer_144,Corporate,United States,New York,New York,10024.0,South,TEC-PH-10744,Furniture,Bookcases,Bookcases Item 744,127.43,7,0.2,15.54
745,CA-2023-100745,2023-06-20,2023-06-20,Standard Class,CG-10281,Customer_145,Corporate,United States,New York,New York,10024.0,East,TEC-PH-10745,Office Supplies,Art,Art Item 745,$454.96,6,0.0,78.28
746,CA-2023-100746,2023-04-15,2023-04-15,Standard Class,CG-10150,Customer_146,Consumer,United States,New York,New York,10024.0,East,TEC-PH-10746,Furniture,Chairs,Chairs Item 746,155.29,9,0.5,11.31
747,CA-2023-100747,2023-07-15,2023-07-15,Standard Class,CG-10219,Customer_147,Corporate,United States,New York,New York,10024.0,West,TEC-PH-10747,Furniture,Tables,Tables Item 747,144.58,2,0.15,4.39
748,CA-2023-100748,2023-05-23,2023-05-23,Same Day,CG-10158,Customer_148,Home Office,United States,New York,New York,10024.0,North,TEC-PH-10748,Office Supplies,Paper,Paper Item 748,307.82,8,0.3,33.75
749,CA-2023-100749,2023-09-13,2023-09-13,Same Day,CG-10052,Customer_149,Consumer,United States,New York,New York,10024.0,South,TEC-PH-10749,Office Supplies,Paper,Paper Item 749,97.01,2,0.15,-8.5
750,CA-2023-100750,2023-12-14,2023-12-14,Same Day,CG-10152,Customer_150,Home Office,United States,New York,New York,10024.0,East,TEC-PH-10750,Technology,Copiers,Copiers Item 750,408.35,8,0.3,55.98
751,CA-2023-100751,2023-12-16,2023-12-16,Standard Class,CG-10063,Customer_151,Corporate,United States,New York,New York,10024.0,West,TEC-PH-10751,Technology,Copiers,Copiers Item 751,$235.94,11,0.2,13.6
752,CA-2023-100752,2023-01-14,2023-01-14,Standard Class,CG-10209,Customer_152,Consumer,United States,New York,New York,10024.0,East,TEC-PH-10752,Technology,Phones,Phones Item 752,55.81,9,0.15,-12.8
753,CA-2023-100753,2023-01-02,2023-01-02,Second Class,CG-10257,Customer_153,Home Office,United States,New York,New York,10024.0,North,TEC-PH-10753,Technology,Phones,Phones Item 753,172.66,9,0.5,2.4
754,CA-2023-100754,2023-02-27,2023-02-27,Second Class,CG-10215,Customer_154,Corporate,United States,New York,New York,10024.0,East,TEC-PH-10754,Technology,Machines,Machines Item 754,98.43,8,0.15,3.7
755,CA-2023-100755,2023-01-17,2023-01-17,Second Class,CG-10103,Customer_155,Home Office,United States,New York,New York,10024.0,South,TEC-PH-10755,Office Supplies,Appliances,Appliances Item 755,$77.58,1,0.2,-5.7
756,CA-2023-100756,2023-11-22,2023-11-22,First Class,CG-10266,Customer_156,Corporate,United States,New York,New York,10024.0,West,TEC-PH-10756,Office Supplies,Art,Art Item 756,276.1,8,0.3,21.17
757,CA-2023-100757,2023-02-15,2023-02-15,Second Class,CG-10231,Customer_157,Consumer,United States,New York,New York,10024.0,West,TEC-PH-10757,Technology,Machines,Machines Item 757,48.98,10,0.3,-18.35
758,CA-2023-100758,2023-10-16,2023-10-16,Standard Class,CG-10295,Customer_158,Home Office,United States,New York,New York,10024.0,West,TEC-PH-10758,Technology,Copiers,Copiers Item 758,252.59,4,0.1,28.41
759,CA-2023-100759,2023-12-04,2023-12-04,First Class,CG-10231,Customer_159,Corporate,United States,New York,New York,10024.0,East,TEC-PH-10759,Technology,Accessories,Accessories Item 759,306.51,5,0.2,29.25
760,CA-2023-100760,2023-06-17,2023-06-17,Standard Class,CG-10062,Customer_160,Corporate,United States,New York,New York,10024.0,North,TEC-PH-10760,Office Supplies,Art,Art Item 760,543.95,10,0.1,90.65
761,CA-2023-100761,2023-09-13,2023-09-13,Standard Class,CG-10287,Customer_161,Corporate,United States,New York,New York,10024.0,South,TEC-PH-10761,Furniture,Bookcases,Bookcases Item 761,$216.93,7,0.5,0.4
762,CA-2023-100762,2023-03-15,2023-03-15,Same Day,CG-10096,Customer_162,Home Office,United States,New York,New York,10024.0,East,TEC-PH-10762,Technology,Copiers,Copiers Item 762,50.56,4,0.1,-18.33
763,CA-2023-100763,2023-03-11,2023-03-11,Second Class,CG-10271,Customer_163,Home Office,United States,New York,New York,10024.0,North,TEC-PH-10763,Technology,Phones,Phones Item 763,$42.44,5,0.5,-20.84
764,CA-2023-100764,2023-03-09,2023-03-09,Same Day,CG-10123,Customer_164,Corporate,United States,New York,New York,10024.0,West,TEC-PH-10764,Technology,Phones,Phones Item 764,33.17,2,0.2,-11.65
765,CA-2023-100765,2023-05-27,2023-05-27,Second Class,CG-10211,Customer_165,Corporate,United States,New York,New York,,South,TEC-PH-10765,Office Supplies,Labels,Labels Item 765,$84.19,11,0.2,1.16
766,CA-2023-100766,2023-12-13,2023-12-13,Standard Class,CG-10123,Customer_166,Corporate,United States,New York,New York,10024.0,South,TEC-PH-10766,Technology,Machines,Machines Item 766,74.1,10,0.3,0.57
767,CA-2023-100767,2023-10-08,2023-10-08,First Class,CG-10027,Customer_167,Home Office,United States,New York,New York,10024.0,East,TEC-PH-10767,Furniture,Chairs,Chairs Item 767,239.47,9,0.0,35.14
768,CA-2023-100768,2023-08-06,2023-08-06,Second Class,CG-10056,Customer_168,Home Office,United States,New York,New York,10024.0,North,TEC-PH-10768,Furniture,Chairs,Chairs Item 768,559.24,4,0.0,112.42
769,CA-2023-100769,2023-07-19,2023-07-19,First Class,CG-10180,Customer_169,Corporate,United States,New York,New York,10024.0,South,TEC-PH-10769,Office Supplies,Binders,Binders Item 769,631.52,3,0.5,52.2
770,CA-2023-100770,2023-11-05,2023-11-05,Standard Class,CG-10273,Customer_170,Consumer,United States,New York,New York,10024.0,East,TEC-PH-10770,Furniture,Chairs,Chairs Item 770,192.89,6,0.0,22.14
771,CA-2023-100771,2023-09-10,2023-09-10,Same Day,CG-10113,Customer_171,Corporate,United States,New York,New York,10024.0,East,TEC-PH-10771,Office Supplies,Paper,Paper Item 771,$159.37,10,0.5,6.15
772,CA-2023-100772,2023-12-25,2023-12-25,First Class,CG-10270,Customer_172,Consumer,United States,New York,New York,10024.0,West,TEC-PH-10772,Furniture,Bookcases,Bookcases Item 772,161.03,10,0.0,8.24
773,CA-2023-100773,2023-11-05,2023-11-05,Second Class,CG-10222,Customer_173,Corporate,United States,New York,New York,10024.0,West,TEC-PH-10773,Office Supplies,Binders,Binders Item 773,$605.01,7,0.2,88.18
774,CA-2023-100774,2023-11-10,2023-11-10,First Class,CG-10062,Customer_174,Consumer,United States,New York,New York,10024.0,North,TEC-PH-10774,Office Supplies,Binders,Binders Item 774,160.05,11,0.1,3.45
775,CA-2023-100775,2023-06-06,2023-06-06,Standard Class,CG-10214,Customer_175,Consumer,United States,New York,New York,10024.0,West,TEC-PH-10775,Office Supplies,Binders,Binders Item 775,161.96,11,0.15,20.53
776,CA-2023-100776,2023-02-07,2023-02-07,Second Class,CG-10048,Customer_176,Home Office,United States,New York,New York,,East,TEC-PH-10776,Furniture,Chairs,Chairs Item 776,$137.04,10,0.3,12.95
777,CA-2023-100777,2023-11-01,2023-11-01,Standard Class,CG-10297,Customer_177,Consumer,United States,New York,New York,10024.0,North,TEC-PH-10777,Technology,Copiers,Copiers Item 777,$370.10,1,0.5,34.45
778,CA-2023-100778,2023-06-25,2023-06-25,Standard Class,CG-10281,Customer_178,Consumer,United States,New York,New York,10024.0,West,TEC-PH-10778,Technology,Machines,Machines Item 778,756.18,1,0.2,110.03
779,CA-2023-100779,2023-09-24,2023-09-24,Standard Class,CG-10061,Customer_179,Consumer,United States,New York,New York,10024.0,East,TEC-PH-10779,Furniture,Tables,Tables Item 779,279.74,11,0.3,13.92
780,CA-2023-100780,2023-10-15,2023-10-15,Standard Class,CG-10139,Customer_180,Consumer,United States,New York,New York,10024.0,East,TEC-PH-10780,Furniture,Bookcases,Bookcases Item 780,178.49,1,0.1,26.55
781,CA-2023-100781,2023-09-22,2023-09-22,Same Day,CG-10089,Customer_181,Corporate,United States,New York,New York,10024.0,North,TEC-PH-10781,Furniture,Furnishings,Furnishings Item 781,248.38,2,0.0,41.63
782,CA-2023-100782,2023-09-27,2023-09-27,Standard Class,CG-10227,Customer_182,Home Office,United States,New York,New York,10024.0,East,TEC-PH-10782,Office Supplies,Labels,Labels Item 782,354.51,10,0.15,58.85
783,CA-2023-100783,2023-04-04,2023-04-04,Second Class,CG-10119,Customer_183,Home Office,United States,New York,New York,10024.0,South,TEC-PH-10783,Furniture,Chairs,Chairs Item 783,$652.72,4,0.0,125.26
784,CA-2023-100784,2023-03-27,2023-03-27,Standard Class,CG-10113,Customer_184,Home Office,United States,New York,New York,,South,TEC-PH-10784,Technology,Accessories,Accessories Item 784,166.72,6,0.3,3.01
785,CA-2023-100785,2023-08-01,2023-08-01,Same Day,CG-10168,Customer_185,Home Office,United States,New York,New York,10024.0,North,TEC-PH-10785,Technology,Copiers,Copiers Item 785,"$1,063.75",10,0.5,94.36
786,CA-2023-100786,2023-08-11,2023-08-11,Second Class,CG-10170,Customer_186,Home Office,United States,New York,New York,10024.0,North,TEC-PH-10786,Technology,Phones,Phones Item 786,67.4,11,0.1,-4.63
787,CA-2023-100787,2023-06-08,2023-06-08,Second Class,CG-10061,Customer_187,Home Office,United States,New York,New York,10024.0,West,TEC-PH-10787,Technology,Accessories,Accessories Item 787,127.66,3,0.0,5.99
788,CA-2023-100788,2023-07-16,2023-07-16,Second Class,CG-10047,Customer_188,Home Office,United States,New York,New York,10024.0,East,TEC-PH-10788,Furniture,Tables,Tables Item 788,39.88,11,0.0,-4.94
789,CA-2023-100789,2023-09-18,2023-09-18,Standard Class,CG-10095,Customer_189,Home Office,United States,New York,New York,10024.0,West,TEC-PH-10789,Technology,Accessories,Accessories Item 789,49.41,10,0.5,-16.81
790,CA-2023-100790,2023-08-23,2023-08-23,Standard Class,CG-10145,Customer_190,Consumer,United States,New York,New York,10024.0,South,TEC-PH-10790,Furniture,Tables,Tables Item 790,234.92,11,0.2,23.95
791,CA-2023-100791,2023-04-03,2023-04-03,Standard Class,CG-10113,Customer_191,Consumer,United States,New York,New York,10024.0,West,TEC-PH-10791,Office Supplies,Art,Art Item 791,$450.94,5,0.2,60.78
792,CA-2023-100792,2023-03-21,2023-03-21,Same Day,CG-10079,Customer_192,Home Office,United States,New York,New York,10024.0,West,TEC-PH-10792,Furniture,Furnishings,Furnishings Item 792,307.86,10,0.2,38.79
793,CA-2023-100793,2023-05-26,2023-05-26,First Class,CG-10059,Customer_193,Corporate,United States,New York,New York,,East,TEC-PH-10793,Office Supplies,Binders,Binders Item 793,288.99,2,0.0,47.08
794,CA-2023-100794,2023-10-26,2023-10-26,Same Day,CG-10241,Customer_194,Home Office,United States,New York,New York,10024.0,North,TEC-PH-10794,Office Supplies,Storage,Storage Item 794,79.54,1,0.2,5.81
795,CA-2023-100795,2023-11-21,2023-11-21,Second Class,CG-10041,Customer_195,Home Office,United States,New York,New York,,South,TEC-PH-10795,Office Supplies,Paper,Paper Item 795,$476.88,9,0.2,62.66
796,CA-2023-100796,2023-04-22,2023-04-22,First Class,CG-10174,Customer_196,Consumer,United States,New York,New York,10024.0,East,TEC-PH-10796,Furniture,Furnishings,Furnishings Item 796,39.68,7,0.2,-22.61
797,CA-2023-100797,2023-12-23,2023-12-23,First Class,CG-10161,Customer_197,Home Office,United States,New York,New York,10024.0,North,TEC-PH-10797,Furniture,Chairs,Chairs Item 797,129.83,1,0.3,-6.72
798,CA-2023-100798,2023-08-10,2023-08-10,Standard Class,CG-10077,Customer_198,Home Office,United States,New York,New York,10024.0,West,TEC-PH-10798,Furniture,Bookcases,Bookcases Item 798,194.74,1,0.3,3.64
799,CA-2023-100799,2023-01-02,2023-01-02,Standard Class,CG-10248,Customer_199,Consumer,United States,New York,New York,10024.0,South,TEC-PH-10799,Furniture,Furnishings,Furnishings Item 799,159.72,7,0.3,9.51
800,CA-2023-100800,2023-12-18,2023-12-18,Same Day,CG-10263,Customer_200,Home Office,United States,New York,New York,10024.0,West,TEC-PH-10800,Office Supplies,Art,Art Item 800,43.95,6,0.3,-6.65
801,CA-2023-100801,2023-05-06,2023-05-06,Second Class,CG-10122,Customer_201,Home Office,United States,New York,New York,10024.0,North,TEC-PH-10801,Technology,Machines,Machines Item 801,210.7,2,0.3,24.32
802,CA-2023-100802,2023-07-24,2023-07-24,First Class,CG-10218,Customer_202,Corporate,United States,New York,New York,10024.0,West,TEC-PH-10802,Office Supplies,Labels,Labels Item 802,$221.09,8,0.2,28.3
803,CA-2023-100803,2023-03-26,2023-03-26,Standard Class,CG-10106,Customer_203,Corporate,United States,New York,New York,10024.0,West,TEC-PH-10803,Furniture,Bookcases,Bookcases Item 803,83.35,10,0.0,11.93
804,CA-2023-100804,2023-07-16,2023-07-16,First Class,CG-10021,Customer_204,Home Office,United States,New York,New York,10024.0,North,TEC-PH-10804,Furniture,Tables,Tables Item 804,336.29,2,0.0,52.97
805,CA-2023-100805,2023-05-09,2023-05-09,Standard Class,CG-10258,Customer_205,Consumer,United States,New York,New York,10024.0,East,TEC-PH-10805,Office Supplies,Labels,Labels Item 805,473.84,5,0.2,57.73
806,CA-2023-100806,2023-04-03,2023-04-03,First Class,CG-10154,Customer_206,Consumer,United States,New York,New York,10024.0,South,TEC-PH-10806,Furniture,Chairs,Chairs Item 806,26.95,9,0.5,-25.58
807,CA-2023-100807,2023-10-24,2023-10-24,Second Class,CG-10037,Customer_207,Consumer,United States,New York,New York,10024.0,North,TEC-PH-10807,Technology,Accessories,Accessories Item 807,296.48,11,0.3,34.83
808,CA-2023-100808,2023-06-02,2023-06-02,First Class,CG-10116,Customer_208,Consumer,United States,New York,New York,10024.0,East,TEC-PH-10808,Technology,Accessories,Accessories Item 808,576.31,8,0.0,101.27
809,CA-2023-100809,2023-03-21,2023-03-21,Second Class,CG-10265,Customer_209,Corporate,United States,New York,New York,10024.0,South,TEC-PH-10809,Furniture,Chairs,Chairs Item 809,78.33,11,0.15,-7.99
810,CA-2023-100810,2023-01-12,2023-01-12,Second Class,CG-10297,Customer_210,Consumer,United States,New York,New York,10024.0,West,TEC-PH-10810,Office Supplies,Paper,Paper Item 810,$135.70,2,0.3,2.85
811,CA-2023-100811,2023-10-25,2023-10-25,Second Class,CG-10183,Customer_211,Corporate,United States,New York,New York,10024.0,North,TEC-PH-10811,Office Supplies,Binders,Binders Item 811,559.96,6,0.3,71.88
812,CA-2023-100812,2023-06-09,2023-06-09,First Class,CG-10235,Customer_212,Home Office,United States,New York,New York,10024.0,North,TEC-PH-10812,Furniture,Tables,Tables Item 812,600.94,2,0.3,70.79
813,CA-2023-100813,2023-01-05,2023-01-05,Same Day,CG-10269,Customer_213,Corporate,United States,New York,New York,10024.0,South,TEC-PH-10813,Technology,Machines,Machines Item 813,$85.35,4,0.3,0.13
814,CA-2023-100814,2023-12-09,2023-12-09,Standard Class,CG-10210,Customer_214,Home Office,United States,New York,New York,10024.0,North,TEC-PH-10814,Technology,Machines,Machines Item 814,308.3,9,0.5,12.65
815,CA-2023-100815,2023-03-23,2023-03-23,First Class,CG-10094,Customer_215,Consumer,United States,New York,New York,10024.0,West,TEC-PH-10815,Office Supplies,Storage,Storage Item 815,246.09,2,0.5,-2.52
816,CA-2023-100816,2023-05-22,2023-05-22,Same Day,CG-10209,Customer_216,Corporate,United States,New York,New York,10024.0,East,TEC-PH-10816,Technology,Accessories,Accessories Item 816,576.01,9,0.1,100.16
817,CA-2023-100817,2023-11-13,2023-11-13,Same Day,CG-10059,Customer_217,Corporate,United States,New York,New York,10024.0,West,TEC-PH-10817,Technology,Phones,Phones Item 817,392.4,2,0.3,33.17
818,CA-2023-100818,2023-09-06,2023-09-06,Standard Class,CG-10208,Customer_218,Consumer,United States,New York,New York,10024.0,East,TEC-PH-10818,Technology,Phones,Phones Item 818,57.53,7,0.3,-3.62
819,CA-2023-100819,2023-04-26,2023-04-26,Second Class,CG-10157,Customer_219,Home Office,United States,New York,New York,,North,TEC-PH-10819,Furniture,Furnishings,Furnishings Item 819,$376.91,8,0.15,40.82
820,CA-2023-100820,2023-03-07,2023-03-07,Second Class,CG-10296,Customer_220,Home Office,United States,New York,New York,10024.0,West,TEC-PH-10820,Technology,Accessories,Accessories Item 820,62.32,4,0.15,-7.23
821,CA-2023-100821,2023-09-11,2023-09-11,First Class,CG-10090,Customer_221,Home Office,United States,New York,New York,10024.0,North,TEC-PH-10821,Furniture,Furnishings,Furnishings Item 821,89.15,4,0.15,-11.73
822,CA-2023-100822,2023-07-20,2023-07-20,First Class,CG-10175,Customer_222,Consumer,United States,New York,New York,,North,TEC-PH-10822,Technology,Machines,Machines Item 822,$41.34,11,0.5,-17.82
823,CA-2023-100823,2023-10-16,2023-10-16,First Class,CG-10165,Customer_223,Home Office,United States,New York,New York,10024.0,East,TEC-PH-10823,Furniture,Bookcases,Bookcases Item 823,39.12,7,0.2,-5.1
824,CA-2023-100824,2023-01-08,2023-01-08,Same Day,CG-10022,Customer_224,Consumer,United States,New York,New York,10024.0,South,TEC-PH-10824,Furniture,Tables,Tables Item 824,270.26,3,0.1,38.33
825,CA-2023-100825,2023-08-22,2023-08-22,Same Day,CG-10137,Customer_225,Home Office,United States,New York,New York,10024.0,South,TEC-PH-10825,Furniture,Furnishings,Furnishings Item 825,153.16,7,0.15,10.08
826,CA-2023-100826,2023-08-16,2023-08-16,Same Day,CG-10056,Customer_226,Consumer,United States,New York,New York,10024.0,North,TEC-PH-10826,Office Supplies,Labels,Labels Item 826,196.65,3,0.2,15.11
827,CA-2023-100827,2023-09-12,2023-09-12,Standard Class,CG-10164,Customer_227,Corporate,United States,New York,New York,10024.0,North,TEC-PH-10827,Office Supplies,Binders,Binders Item 827,61.97,2,0.1,-9.29
828,CA-2023-100828,2023-02-20,2023-02-20,Same Day,CG-10015,Customer_228,Consumer,United States,New York,New York,10024.0,South,TEC-PH-10828,Furniture,Chairs,Chairs Item 828,291.93,9,0.3,24.89
829,CA-2023-100829,2023-07-19,2023-07-19,Standard Class,CG-10269,Customer_229,Consumer,United States,New York,New York,10024.0,East,TEC-PH-10829,Technology,Accessories,Accessories Item 829,284.28,1,0.1,44.22
830,CA-2023-100830,2023-10-19,2023-10-19,Standard Class,CG-10071,Customer_230,Corporate,United States,New York,New York,10024.0,North,TEC-PH-10830,Furniture,Tables,Tables Item 830,86.57,5,0.1,6.4
831,CA-2023-100831,2023-08-07,2023-08-07,Second Class,CG-10151,Customer_231,Corporate,United States,New York,New York,10024.0,South,TEC-PH-10831,Technology,Phones,Phones Item 831,$265.24,4,0.0,37.39
832,CA-2023-100832,2023-04-10,2023-04-10,First Class,CG-10227,Customer_232,Consumer,United States,New York,New York,10024.0,North,TEC-PH-10832,Furniture,Chairs,Chairs Item 832,232.72,3,0.3,25.36
833,CA-2023-100833,2023-12-05,2023-12-05,Standard Class,CG-10159,Customer_233,Home Office,United States,New York,New York,10024.0,North,TEC-PH-10833,Furniture,Bookcases,Bookcases Item 833,$91.45,8,0.3,-15.58
834,CA-2023-100834,2023-02-01,2023-02-01,Standard Class,CG-10056,Customer_234,Home Office,United States,New York,New York,10024.0,West,TEC-PH-10834,Furniture,Tables,Tables Item 834,$20.28,9,0.0,-15.92
835,CA-2023-100835,2023-02-17,2023-02-17,Second Class,CG-10167,Customer_235,Consumer,United States,New York,New York,10024.0,South,TEC-PH-10835,Office Supplies,Appliances,Appliances Item 835,279.82,11,0.15,31.55
836,CA-2023-100836,2023-04-25,2023-04-25,Same Day,CG-10160,Customer_236,Corporate,United States,New York,New York,10024.0,East,TEC-PH-10836,Furniture,Chairs,Chairs Item 836,678.33,11,0.3,88.54
837,CA-2023-100837,2023-01-14,2023-01-14,Standard Class,CG-10291,Customer_237,Corporate,United States,New York,New York,10024.0,South,TEC-PH-10837,Office Supplies,Appliances,Appliances Item 837,202.81,1,0.15,17.78
838,CA-2023-100838,2023-07-13,2023-07-13,Same Day,CG-10169,Customer_238,Home Office,United States,New York,New York,10024.0,South,TEC-PH-10838,Office Supplies,Storage,Storage Item 838,477.01,3,0.5,35.12
839,CA-2023-100839,2023-08-09,2023-08-09,First Class,CG-10107,Customer_239,Home Office,United States,New York,New York,10024.0,East,TEC-PH-10839,Technology,Accessories,Accessories Item 839,186.12,2,0.1,21.59
840,CA-2023-100840,2023-09-07,2023-09-07,Second Class,CG-10264,Customer_240,Consumer,United States,New York,New York,10024.0,North,TEC-PH-10840,Office Supplies,Binders,Binders Item 840,110.09,10,0.1,8.15
841,CA-2023-100841,2023-09-20,2023-09-20,Second Class,CG-10166,Customer_241,Home Office,United States,New York,New York,,West,TEC-PH-10841,Office Supplies,Paper,Paper Item 841,$250.95,2,0.2,33.56
842,CA-2023-100842,2023-11-18,2023-11-18,First Class,CG-10101,Customer_242,Home Office,United States,New York,New York,10024.0,West,TEC-PH-10842,Furniture,Chairs,Chairs Item 842,42.64,6,0.15,-2.28
843,CA-2023-100843,2023-06-09,2023-06-09,Same Day,CG-10021,Customer_243,Home Office,United States,New York,New York,10024.0,East,TEC-PH-10843,Technology,Phones,Phones Item 843,$34.54,6,0.15,-19.76
844,CA-2023-100844,2023-09-23,2023-09-23,First Class,CG-10092,Customer_244,Home Office,United States,New York,New York,10024.0,East,TEC-PH-10844,Furniture,Chairs,Chairs Item 844,93.38,1,0.15,4.72
845,CA-2023-100845,2023-09-26,2023-09-26,First Class,CG-10235,Customer_245,Home Office,United States,New York,New York,10024.0,East,TEC-PH-10845,Office Supplies,Labels,Labels Item 845,$156.50,7,0.0,14.2
846,CA-2023-100846,2023-03-01,2023-03-01,Second Class,CG-10155,Customer_246,Home Office,United States,New York,New York,10024.0,East,TEC-PH-10846,Furniture,Chairs,Chairs Item 846,64.14,4,0.15,-0.86
847,CA-2023-100847,2023-03-13,2023-03-13,Standard Class,CG-10207,Customer_247,Consumer,United States,New York,New York,10024.0,South,TEC-PH-10847,Technology,Machines,Machines Item 847,$112.94,8,0.5,-3.7
848,CA-2023-100848,2023-12-14,2023-12-14,Second Class,CG-10157,Customer_248,Consumer,United States,New York,New York,10024.0,South,TEC-PH-10848,Office Supplies,Binders,Binders Item 848,73.78,1,0.0,-11.38
849,CA-2023-100849,2023-02-07,2023-02-07,Second Class,CG-10171,Customer_249,Home Office,United States,New York,New York,,East,TEC-PH-10849,Office Supplies,Binders,Binders Item 849,29.71,3,0.5,-14.98
850,CA-2023-100850,2023-10-19,2023-10-19,Second Class,CG-10293,Customer_250,Home Office,United States,New York,New York,10024.0,North,TEC-PH-10850,Office Supplies,Appliances,Appliances Item 850,172.99,5,0.3,4.43
851,CA-2023-100851,2023-09-21,2023-09-21,Standard Class,CG-10077,Customer_251,Home Office,United States,New York,New York,,South,TEC-PH-10851,Office Supplies,Art,Art Item 851,$605.71,11,0.3,79.48
852,CA-2023-100852,2023-03-22,2023-03-22,Same Day,CG-10285,Customer_252,Home Office,United States,New York,New York,10024.0,North,TEC-PH-10852,Office Supplies,Art,Art Item 852,306.42,8,0.2,36.86
853,CA-2023-100853,2023-03-04,2023-03-04,First Class,CG-10249,Customer_253,Home Office,United States,New York,New York,10024.0,North,TEC-PH-10853,Furniture,Tables,Tables Item 853,$109.53,9,0.1,9.86
854,CA-2023-100854,2023-07-24,2023-07-24,Same Day,CG-10276,Customer_254,Corporate,United States,New York,New York,10024.0,South,TEC-PH-10854,Technology,Copiers,Copiers Item 854,120.91,1,0.1,16.39
855,CA-2023-100855,2023-12-22,2023-12-22,Same Day,CG-10200,Customer_255,Consumer,United States,New York,New York,10024.0,South,TEC-PH-10855,Office Supplies,Storage,Storage Item 855,$294.34,1,0.3,30.36
856,CA-2023-100856,2023-10-09,2023-10-09,Same Day,CG-10162,Customer_256,Consumer,United States,New York,New York,10024.0,South,TEC-PH-10856,Office Supplies,Labels,Labels Item 856,$72.73,7,0.15,0.19
857,CA-2023-100857,2023-09-21,2023-09-21,Second Class,CG-10082,Customer_257,Home Office,United States,New York,New York,,West,TEC-PH-10857,Technology,Phones,Phones Item 857,$425.10,2,0.15,68.35
858,CA-2023-100858,2023-03-01,2023-03-01,Second Class,CG-10229,Customer_258,Home Office,United States,New York,New York,10024.0,East,TEC-PH-10858,Furniture,Tables,Tables Item 858,989.71,10,0.1,168.77
859,CA-2023-100859,2023-12-13,2023-12-13,Same Day,CG-10001,Customer_259,Home Office,United States,New York,New York,10024.0,West,TEC-PH-10859,Office Supplies,Paper,Paper Item 859,159.53,3,0.0,12.45
860,CA-2023-100860,2023-11-21,2023-11-21,Standard Class,CG-10105,Customer_260,Home Office,United States,New York,New York,,South,TEC-PH-10860,Technology,Phones,Phones Item 860,$264.77,4,0.2,17.88
861,CA-2023-100861,2023-01-26,2023-01-26,Second Class,CG-10125,Customer_261,Consumer,United States,New York,New York,10024.0,West,TEC-PH-10861,Office Supplies,Paper,Paper Item 861,73.72,7,0.1,6.35
862,CA-2023-100862,2023-07-27,2023-07-27,Standard Class,CG-10265,Customer_262,Corporate,United States,New York,New York,10024.0,South,TEC-PH-10862,Technology,Copiers,Copiers Item 862,342.72,10,0.1,50.71
863,CA-2023-100863,2023-06-22,2023-06-22,Standard Class,CG-10208,Customer_263,Home Office,United States,New York,New York,10024.0,West,TEC-PH-10863,Technology,Machines,Machines Item 863,766.98,6,0.1,141.12
864,CA-2023-100864,2023-12-01,2023-12-01,Same Day,CG-10235,Customer_264,Home Office,United States,New York,New York,10024.0,South,TEC-PH-10864,Technology,Copiers,Copiers Item 864,111.48,3,0.2,4.39
865,CA-2023-100865,2023-10-04,2023-10-04,Second Class,CG-10245,Customer_265,Home Office,United States,New York,New York,10024.0,West,TEC-PH-10865,Furniture,Chairs,Chairs Item 865,418.83,7,0.1,72.96
866,CA-2023-100866,2023-07-09,2023-07-09,Same Day,CG-10112,Customer_266,Home Office,United States,New York,New York,10024.0,South,TEC-PH-10866,Furniture,Furnishings,Furnishings Item 866,19.56,6,0.2,-8.57
867,CA-2023-100867,2023-10-25,2023-10-25,Standard Class,CG-10100,Customer_267,Home Office,United States,New York,New York,10024.0,East,TEC-PH-10867,Technology,Phones,Phones Item 867,$281.01,9,0.5,22.74
868,CA-2023-100868,2023-05-27,2023-05-27,Same Day,CG-10253,Customer_268,Corporate,United States,New York,New York,10024.0,South,TEC-PH-10868,Technology,Machines,Machines Item 868,$899.29,5,0.2,136.24
869,CA-2023-100869,2023-01-05,2023-01-05,Second Class,CG-10191,Customer_269,Corporate,United States,New York,New York,10024.0,South,TEC-PH-10869,Furniture,Bookcases,Bookcases Item 869,149.25,3,0.1,15.2
870,CA-2023-100870,2023-08-19,2023-08-19,Same Day,CG-10099,Customer_270,Home Office,United States,New York,New York,10024.0,East,TEC-PH-10870,Office Supplies,Paper,Paper Item 870,293.84,4,0.15,26.37
871,CA-2023-100871,2023-09-17,2023-09-17,First Class,CG-10222,Customer_271,Home Office,United States,New York,New York,10024.0,South,TEC-PH-10871,Furniture,Bookcases,Bookcases Item 871,837.76,2,0.0,168.79
872,CA-2023-100872,2023-10-08,2023-10-08,First Class,CG-10119,Customer_272,Home Office,United States,New York,New York,10024.0,South,TEC-PH-10872,Office Supplies,Storage,Storage Item 872,"$1,094.94",1,0.2,171.44
873,CA-2023-100873,2023-09-11,2023-09-11,First Class,CG-10093,Customer_273,Consumer,United States,New York,New York,10024.0,West,TEC-PH-10873,Furniture,Chairs,Chairs Item 873,342.81,5,0.0,48.71
874,CA-2023-100874,2023-12-06,2023-12-06,Standard Class,CG-10293,Customer_274,Consumer,United States,New York,New York,10024.0,East,TEC-PH-10874,Technology,Machines,Machines Item 874,702.71,10,0.2,109.56
875,CA-2023-100875,2023-11-03,2023-11-03,Standard Class,CG-10018,Customer_275,Consumer,United States,New York,New York,,South,TEC-PH-10875,Furniture,Chairs,Chairs Item 875,$100.48,8,0.15,-3.3
876,CA-2023-100876,2023-10-20,2023-10-20,First Class,CG-10080,Customer_276,Corporate,United States,New York,New York,,South,TEC-PH-10876,Furniture,Chairs,Chairs Item 876,$157.83,1,0.0,22.09
877,CA-2023-100877,2023-10-22,2023-10-22,Second Class,CG-10263,Customer_277,Corporate,United States,New York,New York,10024.0,West,TEC-PH-10877,Technology,Machines,Machines Item 877,221.86,10,0.2,15.88
878,CA-2023-100878,2023-11-06,2023-11-06,Same Day,CG-10207,Customer_278,Home Office,United States,New York,New York,10024.0,South,TEC-PH-10878,Office Supplies,Paper,Paper Item 878,232.86,11,0.15,19.51
879,CA-2023-100879,2023-04-22,2023-04-22,Second Class,CG-10227,Customer_279,Consumer,United States,New York,New York,,North,TEC-PH-10879,Office Supplies,Paper,Paper Item 879,$44.42,5,0.15,-19.42
880,CA-2023-100880,2023-05-05,2023-05-05,First Class,CG-10291,Customer_280,Corporate,United States,New York,New York,10024.0,West,TEC-PH-10880,Furniture,Furnishings,Furnishings Item 880,$147.65,6,0.3,8.74
881,CA-2023-100881,2023-09-08,2023-09-08,Same Day,CG-10056,Customer_281,Consumer,United States,New York,New York,10024.0,South,TEC-PH-10881,Furniture,Tables,Tables Item 881,"$1,400.97",8,0.0,278.69
882,CA-2023-100882,2023-09-07,2023-09-07,Same Day,CG-10182,Customer_282,Home Office,United States,New York,New York,10024.0,West,TEC-PH-10882,Office Supplies,Binders,Binders Item 882,439.4,10,0.2,63.21
883,CA-2023-100883,2023-01-09,2023-01-09,Standard Class,CG-10265,Customer_283,Consumer,United States,New York,New York,,South,TEC-PH-10883,Office Supplies,Art,Art Item 883,$198.83,10,0.15,31.34
884,CA-2023-100884,2023-05-10,2023-05-10,Same Day,CG-10050,Customer_284,Home Office,United States,New York,New York,10024.0,South,TEC-PH-10884,Office Supplies,Labels,Labels Item 884,$484.81,10,0.1,89.13
885,CA-2023-100885,2023-09-13,2023-09-13,First Class,CG-10106,Customer_285,Corporate,United States,New York,New York,10024.0,North,TEC-PH-10885,Technology,Phones,Phones Item 885,255.38,8,0.5,22.38
886,CA-2023-100886,2023-03-03,2023-03-03,First Class,CG-10170,Customer_286,Consumer,United States,New York,New York,10024.0,North,TEC-PH-10886,Furniture,Bookcases,Bookcases Item 886,$71.14,6,0.15,-0.14
887,CA-2023-100887,2023-11-26,2023-11-26,Same Day,CG-10063,Customer_287,Corporate,United States,New York,New York,10024.0,South,TEC-PH-10887,Furniture,Chairs,Chairs Item 887,743.7,7,0.15,112.4
888,CA-2023-100888,2023-08-12,2023-08-12,Standard Class,CG-10040,Customer_288,Consumer,United States,New York,New York,10024.0,South,TEC-PH-10888,Office Supplies,Paper,Paper Item 888,$160.50,5,0.15,8.2
889,CA-2023-100889,2023-04-08,2023-04-08,Same Day,CG-10017,Customer_289,Consumer,United States,New York,New York,10024.0,South,TEC-PH-10889,Furniture,Tables,Tables Item 889,$421.23,10,0.1,68.44
890,CA-2023-100890,2023-06-12,2023-06-12,Same Day,CG-10108,Customer_290,Consumer,United States,New York,New York,10024.0,East,TEC-PH-10890,Technology,Copiers,Copiers Item 890,$64.55,7,0.1,-16.42
891,CA-2023-100891,2023-05-06,2023-05-06,First Class,CG-10249,Customer_291,Corporate,United States,New York,New York,10024.0,North,TEC-PH-10891,Office Supplies,Appliances,Appliances Item 891,213.74,6,0.15,27.92
892,CA-2023-100892,2023-09-17,2023-09-17,Second Class,CG-10071,Customer_292,Corporate,United States,New York,New York,10024.0,West,TEC-PH-10892,Technology,Machines,Machines Item 892,260.99,4,0.1,30.41
893,CA-2023-100893,2023-02-10,2023-02-10,First Class,CG-10283,Customer_293,Home Office,United States,New York,New York,10024.0,West,TEC-PH-10893,Technology,Phones,Phones Item 893,141.41,2,0.15,9.72
894,CA-2023-100894,2023-12-22,2023-12-22,Same Day,CG-10092,Customer_294,Consumer,United States,New York,New York,10024.0,South,TEC-PH-10894,Office Supplies,Storage,Storage Item 894,61.79,3,0.2,-14.87
895,CA-2023-100895,2023-03-09,2023-03-09,Same Day,CG-10251,Customer_295,Corporate,United States,New York,New York,10024.0,East,TEC-PH-10895,Technology,Machines,Machines Item 895,247.86,6,0.15,22.69
896,CA-2023-100896,2023-10-14,2023-10-14,First Class,CG-10157,Customer_296,Home Office,United States,New York,New York,10024.0,West,TEC-PH-10896,Office Supplies,Art,Art Item 896,$129.32,6,0.1,-0.64
897,CA-2023-100897,2023-03-12,2023-03-12,First Class,CG-10035,Customer_297,Corporate,United States,New York,New York,10024.0,North,TEC-PH-10897,Office Supplies,Art,Art Item 897,$193.20,6,0.15,19.92
898,CA-2023-100898,2023-12-26,2023-12-26,First Class,CG-10123,Customer_298,Home Office,United States,New York,New York,10024.0,East,TEC-PH-10898,Furniture,Furnishings,Furnishings Item 898,372.51,3,0.3,40.54
899,CA-2023-100899,2023-11-21,2023-11-21,Same Day,CG-10032,Customer_299,Consumer,United States,New York,New York,,North,TEC-PH-10899,Office Supplies,Storage,Storage Item 899,$107.27,1,0.3,6.54
900,CA-2023-100900,2023-12-25,2023-12-25,Second Class,CG-10189,Customer_0,Home Office,United States,New York,New York,10024.0,East,TEC-PH-10900,Furniture,Chairs,Chairs Item 900,$270.91,11,0.3,35.39
901,CA-2023-100901,2023-07-13,2023-07-13,Standard Class,CG-10056,Customer_1,Corporate,United States,New York,New York,10024.0,South,TEC-PH-10901,Technology,Copiers,Copiers Item 901,$84.25,2,0.0,-3.84
902,CA-2023-100902,2023-01-22,2023-01-22,First Class,CG-10270,Customer_2,Consumer,United States,New York,New York,,West,TEC-PH-10902,Furniture,Bookcases,Bookcases Item 902,$71.97,7,0.3,-16.45
903,CA-2023-100903,2023-12-18,2023-12-18,Same Day,CG-10012,Customer_3,Home Office,United States,New York,New York,,East,TEC-PH-10903,Furniture,Chairs,Chairs Item 903,$198.59,3,0.5,14.46
904,CA-2023-100904,2023-06-13,2023-06-13,Standard Class,CG-10009,Customer_4,Corporate,United States,New York,New York,10024.0,South,TEC-PH-10904,Office Supplies,Art,Art Item 904,199.84,10,0.3,21.88
905,CA-2023-100905,2023-12-04,2023-12-04,Same Day,CG-10061,Customer_5,Consumer,United States,New York,New York,10024.0,West,TEC-PH-10905,Technology,Accessories,Accessories Item 905,38.99,5,0.0,-2.21
906,CA-2023-100906,2023-01-07,2023-01-07,Standard Class,CG-10259,Customer_6,Home Office,United States,New York,New York,10024.0,South,TEC-PH-10906,Technology,Phones,Phones Item 906,99.76,2,0.2,1.89
907,CA-2023-100907,2023-01-21,2023-01-21,Same Day,CG-10125,Customer_7,Corporate,United States,New York,New York,10024.0,West,TEC-PH-10907,Office Supplies,Labels,Labels Item 907,288.5,11,0.15,29.28
908,CA-2023-100908,2023-09-21,2023-09-21,Second Class,CG-10099,Customer_8,Home Office,United States,New York,New York,10024.0,East,TEC-PH-10908,Office Supplies,Binders,Binders Item 908,306.21,5,0.2,42.59
909,CA-2023-100909,2023-10-16,2023-10-16,Same Day,CG-10004,Customer_9,Corporate,United States,New York,New York,10024.0,East,TEC-PH-10909,Technology,Phones,Phones Item 909,$409.78,5,0.5,37.38
910,CA-2023-100910,2023-05-25,2023-05-25,Second Class,CG-10092,Customer_10,Home Office,United States,New York,New York,10024.0,North,TEC-PH-10910,Technology,Machines,Machines Item 910,39.93,3,0.0,-6.38
911,CA-2023-100911,2023-11-08,2023-11-08,First Class,CG-10292,Customer_11,Consumer,United States,New York,New York,10024.0,South,TEC-PH-10911,Technology,Machines,Machines Item 911,235.38,5,0.5,0.79
912,CA-2023-100912,2023-10-12,2023-10-12,Same Day,CG-10015,Customer_12,Consumer,United States,New York,New York,10024.0,East,TEC-PH-10912,Office Supplies,Labels,Labels Item 912,$40.15,11,0.5,-2.23
913,CA-2023-100913,2023-04-11,2023-04-11,First Class,CG-10135,Customer_13,Consumer,United States,New York,New York,,North,TEC-PH-10913,Office Supplies,Art,Art Item 913,150.92,9,0.3,1.15
914,CA-2023-100914,2023-02-14,2023-02-14,First Class,CG-10242,Customer_14,Home Office,United States,New York,New York,,East,TEC-PH-10914,Technology,Phones,Phones Item 914,95.19,9,0.5,1.1
915,CA-2023-100915,2023-09-04,2023-09-04,Same Day,CG-10049,Customer_15,Consumer,United States,New York,New York,10024.0,South,TEC-PH-10915,Office Supplies,Art,Art Item 915,102.02,10,0.1,-4.01
916,CA-2023-100916,2023-06-04,2023-06-04,Same Day,CG-10159,Customer_16,Consumer,United States,New York,New York,10024.0,North,TEC-PH-10916,Office Supplies,Binders,Binders Item 916,194.91,3,0.15,27.82
917,CA-2023-100917,2023-10-21,2023-10-21,First Class,CG-10282,Customer_17,Consumer,United States,New York,New York,10024.0,East,TEC-PH-10917,Technology,Accessories,Accessories Item 917,$32.15,1,0.5,-11.53
918,CA-2023-100918,2023-10-20,2023-10-20,Standard Class,CG-10047,Customer_18,Consumer,United States,New York,New York,10024.0,West,TEC-PH-10918,Furniture,Furnishings,Furnishings Item 918,146.07,11,0.0,14.93
919,CA-2023-100919,2023-11-15,2023-11-15,Second Class,CG-10253,Customer_19,Corporate,United States,New York,New York,10024.0,South,TEC-PH-10919,Technology,Phones,Phones Item 919,597.94,8,0.5,36.82
920,CA-2023-100920,2023-09-26,2023-09-26,First Class,CG-10275,Customer_20,Home Office,United States,New York,New York,10024.0,North,TEC-PH-10920,Office Supplies,Appliances,Appliances Item 920,$486.66,4,0.2,65.54
921,CA-2023-100921,2023-03-10,2023-03-10,First Class,CG-10143,Customer_21,Consumer,United States,New York,New York,10024.0,North,TEC-PH-10921,Furniture,Tables,Tables Item 921,210.52,3,0.15,20.47
922,CA-2023-100922,2023-01-02,2023-01-02,Same Day,CG-10293,Customer_22,Consumer,United States,New York,New York,10024.0,West,TEC-PH-10922,Furniture,Bookcases,Bookcases Item 922,150.38,4,0.3,4.32
923,CA-2023-100923,2023-02-02,2023-02-02,Standard Class,CG-10253,Customer_23,Consumer,United States,New York,New York,10024.0,South,TEC-PH-10923,Technology,Machines,Machines Item 923,69.84,3,0.1,3.13
924,CA-2023-100924,2023-11-21,2023-11-21,Same Day,CG-10243,Customer_24,Corporate,United States,New York,New York,10024.0,West,TEC-PH-10924,Office Supplies,Binders,Binders Item 924,545.95,3,0.15,86.79
925,CA-2023-100925,2023-12-26,2023-12-26,Second Class,CG-10175,Customer_25,Consumer,United States,New York,New York,10024.0,South,TEC-PH-10925,Furniture,Bookcases,Bookcases Item 925,63.85,7,0.1,-12.63
926,CA-2023-100926,2023-12-19,2023-12-19,Standard Class,CG-10087,Customer_26,Home Office,United States,New York,New York,,East,TEC-PH-10926,Furniture,Bookcases,Bookcases Item 926,$113.45,10,0.15,-1.53
927,CA-2023-100927,2023-06-22,2023-06-22,First Class,CG-10101,Customer_27,Home Office,United States,New York,New York,10024.0,East,TEC-PH-10927,Technology,Accessories,Accessories Item 927,$140.49,2,0.2,9.31
928,CA-2023-100928,2023-01-26,2023-01-26,First Class,CG-10236,Customer_28,Consumer,United States,New York,New York,10024.0,South,TEC-PH-10928,Technology,Machines,Machines Item 928,91.57,11,0.2,-1.86
929,CA-2023-100929,2023-12-05,2023-12-05,Standard Class,CG-10091,Customer_29,Consumer,United States,New York,New York,10024.0,West,TEC-PH-10929,Office Supplies,Paper,Paper Item 929,455.62,6,0.0,79.03
930,CA-2023-100930,2023-03-10,2023-03-10,First Class,CG-10033,Customer_30,Consumer,United States,New York,New York,,East,TEC-PH-10930,Furniture,Tables,Tables Item 930,$424.94,2,0.1,58.31
931,CA-2023-100931,2023-12-12,2023-12-12,Same Day,CG-10121,Customer_31,Consumer,United States,New York,New York,10024.0,North,TEC-PH-10931,Technology,Machines,Machines Item 931,$302.00,2,0.2,38.44
932,CA-2023-100932,2023-07-14,2023-07-14,Same Day,CG-10130,Customer_32,Consumer,United States,New York,New York,,East,TEC-PH-10932,Furniture,Furnishings,Furnishings Item 932,56.5,10,0.2,-4.7
933,CA-2023-100933,2023-09-20,2023-09-20,Same Day,CG-10067,Customer_33,Home Office,United States,New York,New York,10024.0,East,TEC-PH-10933,Technology,Phones,Phones Item 933,150.65,2,0.3,5.29
934,CA-2023-100934,2023-06-10,2023-06-10,First Class,CG-10102,Customer_34,Consumer,United States,New York,New York,10024.0,West,TEC-PH-10934,Office Supplies,Binders,Binders Item 934,69.83,1,0.5,-18.12
935,CA-2023-100935,2023-09-20,2023-09-20,Second Class,CG-10235,Customer_35,Home Office,United States,New York,New York,10024.0,West,TEC-PH-10935,Technology,Copiers,Copiers Item 935,$19.95,5,0.5,-15.88
936,CA-2023-100936,2023-11-22,2023-11-22,Second Class,CG-10012,Customer_36,Consumer,United States,New York,New York,10024.0,North,TEC-PH-10936,Technology,Phones,Phones Item 936,$142.11,1,0.3,-4.28
937,CA-2023-100937,2023-10-20,2023-10-20,Same Day,CG-10026,Customer_37,Corporate,United States,New York,New York,,West,TEC-PH-10937,Furniture,Chairs,Chairs Item 937,$44.43,8,0.5,-8.59
938,CA-2023-100938,2023-10-05,2023-10-05,Same Day,CG-10273,Customer_38,Home Office,United States,New York,New York,10024.0,East,TEC-PH-10938,Technology,Accessories,Accessories Item 938,186.21,3,0.3,20.84
939,CA-2023-100939,2023-03-12,2023-03-12,Same Day,CG-10262,Customer_39,Corporate,United States,New York,New York,10024.0,West,TEC-PH-10939,Furniture,Furnishings,Furnishings Item 939,$188.45,2,0.0,32.51
940,CA-2023-100940,2023-07-16,2023-07-16,First Class,CG-10155,Customer_40,Corporate,United States,New York,New York,,South,TEC-PH-10940,Furniture,Tables,Tables Item 940,76.73,9,0.1,7.12
941,CA-2023-100941,2023-08-22,2023-08-22,Second Class,CG-10216,Customer_41,Consumer,United States,New York,New York,,West,TEC-PH-10941,Technology,Phones,Phones Item 941,$371.18,7,0.15,58.49
942,CA-2023-100942,2023-03-12,2023-03-12,Same Day,CG-10027,Customer_42,Home Office,United States,New York,New York,,South,TEC-PH-10942,Furniture,Tables,Tables Item 942,136.7,6,0.0,10.49
943,CA-2023-100943,2023-09-20,2023-09-20,Standard Class,CG-10125,Customer_43,Home Office,United States,New York,New York,10024.0,North,TEC-PH-10943,Furniture,Bookcases,Bookcases Item 943,107.33,5,0.5,-12.78
944,CA-2023-100944,2023-01-22,2023-01-22,Standard Class,CG-10183,Customer_44,Corporate,United States,New York,New York,10024.0,East,TEC-PH-10944,Furniture,Chairs,Chairs Item 944,282.65,9,0.3,37.0
945,CA-2023-100945,2023-10-26,2023-10-26,Same Day,CG-10046,Customer_45,Home Office,United States,New York,New York,10024.0,West,TEC-PH-10945,Furniture,Tables,Tables Item 945,$151.21,9,0.5,-1.01
946,CA-2023-100946,2023-07-18,2023-07-18,First Class,CG-10175,Customer_46,Consumer,United States,New York,New York,,South,TEC-PH-10946,Furniture,Bookcases,Bookcases Item 946,$150.32,3,0.2,5.23
947,CA-2023-100947,2023-10-25,2023-10-25,Standard Class,CG-10097,Customer_47,Home Office,United States,New York,New York,10024.0,South,TEC-PH-10947,Office Supplies,Storage,Storage Item 947,$56.76,10,0.3,-16.69
948,CA-2023-100948,2023-11-24,2023-11-24,Same Day,CG-10231,Customer_48,Corporate,United States,New York,New York,10024.0,South,TEC-PH-10948,Furniture,Furnishings,Furnishings Item 948,314.43,4,0.2,40.45
949,CA-2023-100949,2023-11-04,2023-11-04,Same Day,CG-10048,Customer_49,Corporate,United States,New York,New York,10024.0,West,TEC-PH-10949,Office Supplies,Paper,Paper Item 949,727.84,5,0.2,113.97
950,CA-2023-100950,2023-08-14,2023-08-14,Second Class,CG-10234,Customer_50,Consumer,United States,New York,New York,,West,TEC-PH-10950,Furniture,Chairs,Chairs Item 950,54.97,2,0.1,0.99
951,CA-2023-100951,2023-09-27,2023-09-27,Standard Class,CG-10025,Customer_51,Consumer,United States,New York,New York,10024.0,North,TEC-PH-10951,Furniture,Bookcases,Bookcases Item 951,934.02,1,0.3,124.57
952,CA-2023-100952,2023-12-11,2023-12-11,Same Day,CG-10141,Customer_52,Corporate,United States,New York,New York,10024.0,North,TEC-PH-10952,Furniture,Bookcases,Bookcases Item 952,240.11,6,0.0,44.74
953,CA-2023-100953,2023-01-02,2023-01-02,Same Day,CG-10228,Customer_53,Corporate,United States,New York,New York,10024.0,East,TEC-PH-10953,Furniture,Tables,Tables Item 953,$250.05,4,0.3,16.34
954,CA-2023-100954,2023-12-26,2023-12-26,Same Day,CG-10280,Customer_54,Home Office,United States,New York,New York,10024.0,South,TEC-PH-10954,Office Supplies,Labels,Labels Item 954,105.41,7,0.15,-4.83
955,CA-2023-100955,2023-06-15,2023-06-15,First Class,CG-10201,Customer_55,Corporate,United States,New York,New York,10024.0,North,TEC-PH-10955,Furniture,Chairs,Chairs Item 955,273.84,5,0.1,40.7
956,CA-2023-100956,2023-07-17,2023-07-17,Same Day,CG-10221,Customer_56,Consumer,United States,New York,New York,10024.0,North,TEC-PH-10956,Technology,Phones,Phones Item 956,421.95,9,0.5,30.78
957,CA-2023-100957,2023-07-08,2023-07-08,Same Day,CG-10173,Customer_57,Consumer,United States,New York,New York,10024.0,North,TEC-PH-10957,Furniture,Tables,Tables Item 957,217.04,4,0.2,15.19
958,CA-2023-100958,2023-05-17,2023-05-17,First Class,CG-10179,Customer_58,Corporate,United States,New York,New York,,West,TEC-PH-10958,Technology,Machines,Machines Item 958,$216.54,3,0.2,15.91
959,CA-2023-100959,2023-04-26,2023-04-26,Same Day,CG-10079,Customer_59,Home Office,United States,New York,New York,10024.0,West,TEC-PH-10959,Office Supplies,Appliances,Appliances Item 959,$195.87,5,0.3,0.72
960,CA-2023-100960,2023-11-05,2023-11-05,First Class,CG-10161,Customer_60,Corporate,United States,New York,New York,10024.0,East,TEC-PH-10960,Technology,Phones,Phones Item 960,219.78,1,0.0,28.9
961,CA-2023-100961,2023-01-14,2023-01-14,First Class,CG-10138,Customer_61,Home Office,United States,New York,New York,10024.0,North,TEC-PH-10961,Furniture,Chairs,Chairs Item 961,$28.42,11,0.5,-4.47
962,CA-2023-100962,2023-06-07,2023-06-07,Same Day,CG-10253,Customer_62,Home Office,United States,New York,New York,,East,TEC-PH-10962,Office Supplies,Appliances,Appliances Item 962,197.27,9,0.1,19.95
963,CA-2023-100963,2023-06-17,2023-06-17,Second Class,CG-10010,Customer_63,Home Office,United States,New York,New York,10024.0,South,TEC-PH-10963,Furniture,Tables,Tables Item 963,$462.85,4,0.1,68.66
964,CA-2023-100964,2023-05-04,2023-05-04,Second Class,CG-10034,Customer_64,Corporate,United States,New York,New York,10024.0,North,TEC-PH-10964,Furniture,Furnishings,Furnishings Item 964,153.27,9,0.15,11.42
965,CA-2023-100965,2023-06-23,2023-06-23,Second Class,CG-10046,Customer_65,Corporate,United States,New York,New York,10024.0,South,TEC-PH-10965,Office Supplies,Storage,Storage Item 965,$109.59,7,0.0,10.17
966,CA-2023-100966,2023-12-15,2023-12-15,First Class,CG-10265,Customer_66,Home Office,United States,New York,New York,10024.0,West,TEC-PH-10966,Office Supplies,Art,Art Item 966,139.7,8,0.5,4.03
967,CA-2023-100967,2023-07-15,2023-07-15,First Class,CG-10141,Customer_67,Consumer,United States,New York,New York,10024.0,North,TEC-PH-10967,Technology,Accessories,Accessories Item 967,43.26,3,0.1,-16.04
968,CA-2023-100968,2023-05-19,2023-05-19,Standard Class,CG-10152,Customer_68,Consumer,United States,New York,New York,10024.0,East,TEC-PH-10968,Technology,Copiers,Copiers Item 968,$160.45,5,0.0,20.32
969,CA-2023-100969,2023-09-27,2023-09-27,Same Day,CG-10150,Customer_69,Corporate,United States,New York,New York,10024.0,South,TEC-PH-10969,Furniture,Chairs,Chairs Item 969,317.8,5,0.0,53.64
970,CA-2023-100970,2023-08-17,2023-08-17,Standard Class,CG-10065,Customer_70,Home Office,United States,New York,New York,10024.0,East,TEC-PH-10970,Furniture,Furnishings,Furnishings Item 970,48.31,7,0.5,-8.46
971,CA-2023-100971,2023-11-16,2023-11-16,Same Day,CG-10062,Customer_71,Home Office,United States,New York,New York,10024.0,West,TEC-PH-10971,Technology,Phones,Phones Item 971,319.65,7,0.15,53.73
972,CA-2023-100972,2023-06-13,2023-06-13,First Class,CG-10138,Customer_72,Corporate,United States,New York,New York,10024.0,East,TEC-PH-10972,Office Supplies,Appliances,Appliances Item 972,141.76,1,0.3,-7.19
973,CA-2023-100973,2023-04-10,2023-04-10,Second Class,CG-10097,Customer_73,Consumer,United States,New York,New York,10024.0,East,TEC-PH-10973,Furniture,Furnishings,Furnishings Item 973,85.13,5,0.2,-3.04
974,CA-2023-100974,2023-10-05,2023-10-05,Second Class,CG-10021,Customer_74,Consumer,United States,New York,New York,10024.0,West,TEC-PH-10974,Office Supplies,Binders,Binders Item 974,$126.53,8,0.2,3.92
975,CA-2023-100975,2023-02-10,2023-02-10,Same Day,CG-10068,Customer_75,Consumer,United States,New York,New York,,North,TEC-PH-10975,Office Supplies,Labels,Labels Item 975,$146.57,2,0.0,22.61
976,CA-2023-100976,2023-09-06,2023-09-06,Second Class,CG-10275,Customer_76,Home Office,United States,New York,New York,10024.0,South,TEC-PH-10976,Office Supplies,Art,Art Item 976,$247.19,1,0.2,28.46
977,CA-2023-100977,2023-05-04,2023-05-04,First Class,CG-10024,Customer_77,Consumer,United States,New York,New York,,East,TEC-PH-10977,Technology,Machines,Machines Item 977,96.09,11,0.15,4.26
978,CA-2023-100978,2023-01-09,2023-01-09,First Class,CG-10118,Customer_78,Home Office,United States,New York,New York,,North,TEC-PH-10978,Office Supplies,Paper,Paper Item 978,$212.44,3,0.3,27.57
979,CA-2023-100979,2023-04-04,2023-04-04,First Class,CG-10180,Customer_79,Home Office,United States,New York,New York,10024.0,South,TEC-PH-10979,Furniture,Chairs,Chairs Item 979,79.33,9,0.3,-17.39
980,CA-2023-100980,2023-10-15,2023-10-15,First Class,CG-10292,Customer_80,Home Office,United States,New York,New York,10024.0,South,TEC-PH-10980,Technology,Copiers,Copiers Item 980,455.71,4,0.15,67.58
981,CA-2023-100981,2023-03-12,2023-03-12,Second Class,CG-10010,Customer_81,Consumer,United States,New York,New York,10024.0,North,TEC-PH-10981,Furniture,Bookcases,Bookcases Item 981,59.17,3,0.5,-21.66
982,CA-2023-100982,2023-08-22,2023-08-22,Standard Class,CG-10190,Customer_82,Home Office,United States,New York,New York,10024.0,East,TEC-PH-10982,Technology,Machines,Machines Item 982,20.93,6,0.15,-23.86
983,CA-2023-100983,2023-12-27,2023-12-27,Standard Class,CG-10259,Customer_83,Corporate,United States,New York,New York,10024.0,West,TEC-PH-10983,Technology,Phones,Phones Item 983,$165.10,11,0.2,11.04
984,CA-2023-100984,2023-11-21,2023-11-21,Same Day,CG-10240,Customer_84,Home Office,United States,New York,New York,,South,TEC-PH-10984,Office Supplies,Storage,Storage Item 984,$56.83,4,0.15,-2.84
985,CA-2023-100985,2023-05-21,2023-05-21,Second Class,CG-10232,Customer_85,Corporate,United States,New York,New York,10024.0,East,TEC-PH-10985,Furniture,Bookcases,Bookcases Item 985,52.46,2,0.2,-0.49
986,CA-2023-100986,2023-11-25,2023-11-25,Same Day,CG-10215,Customer_86,Home Office,United States,New York,New York,10024.0,North,TEC-PH-10986,Office Supplies,Appliances,Appliances Item 986,426.52,10,0.2,61.14
987,CA-2023-100987,2023-05-05,2023-05-05,Same Day,CG-10014,Customer_87,Home Office,United States,New York,New York,10024.0,South,TEC-PH-10987,Office Supplies,Storage,Storage Item 987,64.21,1,0.15,-0.4
988,CA-2023-100988,2023-08-17,2023-08-17,First Class,CG-10038,Customer_88,Home Office,United States,New York,New York,10024.0,East,TEC-PH-10988,Technology,Accessories,Accessories Item 988,34.93,8,0.0,-21.73
989,CA-2023-100989,2023-04-18,2023-04-18,Standard Class,CG-10174,Customer_89,Corporate,United States,New York,New York,10024.0,West,TEC-PH-10989,Furniture,Chairs,Chairs Item 989,$474.59,4,0.2,66.84
990,CA-2023-100990,2023-03-16,2023-03-16,Same Day,CG-10036,Customer_90,Home Office,United States,New York,New York,10024.0,West,TEC-PH-10990,Technology,Phones,Phones Item 990,291.02,5,0.3,39.37
991,CA-2023-100991,2023-01-07,2023-01-07,First Class,CG-10068,Customer_91,Consumer,United States,New York,New York,10024.0,East,TEC-PH-10991,Technology,Accessories,Accessories Item 991,64.46,10,0.1,-10.53
992,CA-2023-100992,2023-01-08,2023-01-08,First Class,CG-10027,Customer_92,Consumer,United States,New York,New York,10024.0,East,TEC-PH-10992,Furniture,Furnishings,Furnishings Item 992,129.66,4,0.3,2.64
993,CA-2023-100993,2023-06-19,2023-06-19,First Class,CG-10142,Customer_93,Corporate,United States,New York,New York,10024.0,West,TEC-PH-10993,Office Supplies,Labels,Labels Item 993,"$1,146.72",3,0.15,207.58
994,CA-2023-100994,2023-12-21,2023-12-21,Second Class,CG-10070,Customer_94,Home Office,United States,New York,New York,10024.0,East,TEC-PH-10994,Office Supplies,Paper,Paper Item 994,330.11,9,0.3,40.56
995,CA-2023-100995,2023-01-25,2023-01-25,Standard Class,CG-10246,Customer_95,Consumer,United States,New York,New York,10024.0,North,TEC-PH-10995,Technology,Accessories,Accessories Item 995,373.6,10,0.15,49.76
996,CA-2023-100996,2023-09-27,2023-09-27,Same Day,CG-10150,Customer_96,Home Office,United States,New York,New York,10024.0,West,TEC-PH-10996,Office Supplies,Binders,Binders Item 996,$446.79,10,0.2,56.0
997,CA-2023-100997,2023-12-19,2023-12-19,Second Class,CG-10066,Customer_97,Home Office,United States,New York,New York,10024.0,East,TEC-PH-10997,Technology,Copiers,Copiers Item 997,458.36,6,0.3,60.74
998,CA-2023-100998,2023-10-12,2023-10-12,First Class,CG-10110,Customer_98,Home Office,United States,New York,New York,10024.0,West,TEC-PH-10998,Furniture,Furnishings,Furnishings Item 998,$68.23,8,0.3,-13.94
999,CA-2023-100999,2023-07-20,2023-07-20,First Class,CG-10200,Customer_99,Consumer,United States,New York,New York,10024.0,East,TEC-PH-10999,Technology,Machines,Machines Item 999,64.08,9,0.0,-6.27
1000,CA-2023-101000,2023-06-07,2023-06-07,Standard Class,CG-10126,Customer_100,Home Office,United States,New York,New York,,South,TEC-PH-11000,Technology,Copiers,Copiers Item 1000,33.28,5,0.0,-15.85
522,CA-2023-100522,2023-09-23,2023-09-23,Same Day,CG-10278,Customer_222,Corporate,United States,New York,New York,,South,TEC-PH-10522,Furniture,Bookcases,Bookcases Item 522,$64.66,4,0.1,-14.29
738,CA-2023-100738,2023-05-15,2023-05-15,Second Class,CG-10203,Customer_138,Corporate,United States,New York,New York,10024.0,South,TEC-PH-10738,Office Supplies,Paper,Paper Item 738,149.49,5,0.15,-0.22
741,CA-2023-100741,2023-04-15,2023-04-15,Same Day,CG-10033,Customer_141,Corporate,United States,New York,New York,10024.0,South,TEC-PH-10741,Technology,Copiers,Copiers Item 741,107.78,10,0.0,-2.97
661,CA-2023-100661,2023-12-17,2023-12-17,Same Day,CG-10262,Customer_61,Home Office,United States,New York,New York,10024.0,South,TEC-PH-10661,Technology,Copiers,Copiers Item 661,240.04,1,0.5,-2.85
412,CA-2023-100412,2023-03-11,2023-03-11,First Class,CG-10100,Customer_112,Consumer,United States,New York,New York,10024.0,West,TEC-PH-10412,Furniture,Tables,Tables Item 412,673.13,7,0.2,110.56
679,CA-2023-100679,2023-07-23,2023-07-23,Same Day,CG-10152,Customer_79,Corporate,United States,New York,New York,10024.0,South,TEC-PH-10679,Office Supplies,Binders,Binders Item 679,209.43,9,0.1,12.84
627,CA-2023-100627,2023-01-15,2023-01-15,Same Day,CG-10279,Customer_27,Home Office,United States,New York,New York,10024.0,North,TEC-PH-10627,Furniture,Tables,Tables Item 627,358.02,1,0.15,40.0
514,CA-2023-100514,2023-01-04,2023-01-04,Second Class,CG-10192,Customer_214,Home Office,United States,New York,New York,10024.0,West,TEC-PH-10514,Technology,Phones,Phones Item 514,495.94,8,0.1,80.4
860,CA-2023-100860,2023-11-21,2023-11-21,Standard Class,CG-10105,Customer_260,Home Office,United States,New York,New York,,South,TEC-PH-10860,Technology,Phones,Phones Item 860,$264.77,4,0.2,17.88
137,CA-2023-100137,2023-01-10,2023-01-10,Same Day,CG-10242,Customer_137,Consumer,United States,New York,New York,10024.0,West,TEC-PH-10137,Technology,Phones,Phones Item 137,226.52,6,0.5,14.66
812,CA-2023-100812,2023-06-09,2023-06-09,First Class,CG-10235,Customer_212,Home Office,United States,New York,New York,10024.0,North,TEC-PH-10812,Furniture,Tables,Tables Item 812,$600.94,2,0.3,70.79
77,CA-2023-100077,2023-12-18,2023-12-18,Second Class,CG-10137,Customer_77,Corporate,United States,New York,New York,10024.0,East,TEC-PH-10077,Technology,Accessories,Accessories Item 77,147.69,1,0.3,-3.02
637,CA-2023-100637,2023-05-27,2023-05-27,Second Class,CG-10198,Customer_37,Corporate,United States,New York,New York,10024.0,South,TEC-PH-10637,Technology,Accessories,Accessories Item 637,588.22,6,0.3,65.31
974,CA-2023-100974,2023-10-05,2023-10-05,Second Class,CG-10021,Customer_74,Consumer,United States,New York,New York,,West,TEC-PH-10974,Office Supplies,Binders,Binders Item 974,$126.53,8,0.2,3.92
939,CA-2023-100939,2023-03-12,2023-03-12,Same Day,CG-10262,Customer_39,Corporate,United States,New York,New York,10024.0,West,TEC-PH-10939,Furniture,Furnishings,Furnishings Item 939,188.45,2,0.0,32.51
900,CA-2023-100900,2023-12-25,2023-12-25,Second Class,CG-10189,Customer_0,Home Office,United States,New York,New York,10024.0,East,TEC-PH-10900,Furniture,Chairs,Chairs Item 900,270.91,11,0.3,35.39
281,CA-2023-100281,2023-12-27,2023-12-27,Standard Class,CG-10120,Customer_281,Home Office,United States,New York,New York,10024.0,West,TEC-PH-10281,Furniture,Furnishings,Furnishings Item 281,$38.38,10,0.1,-11.52
884,CA-2023-100884,2023-05-10,2023-05-10,Same Day,CG-10050,Customer_284,Home Office,United States,New York,New York,10024.0,South,TEC-PH-10884,Office Supplies,Labels,Labels Item 884,484.81,10,0.1,89.13
762,CA-2023-100762,2023-03-15,2023-03-15,Same Day,CG-10096,Customer_162,Home Office,United States,New York,New York,10024.0,East,TEC-PH-10762,Technology,Copiers,Copiers Item 762,50.56,4,0.1,-18.33
320,CA-2023-100320,2023-11-16,2023-11-16,Second Class,CG-10013,Customer_20,Consumer,United States,New York,New York,,North,TEC-PH-10320,Office Supplies,Labels,Labels Item 320,$868.08,3,0.3,116.06
550,CA-2023-100550,2023-12-16,2023-12-16,First Class,CG-10254,Customer_250,Corporate,United States,New York,New York,10024.0,South,TEC-PH-10550,Technology,Phones,Phones Item 550,17.65,7,0.1,-22.78
175,CA-2023-100175,2023-07-16,2023-07-16,Same Day,CG-10145,Customer_175,Consumer,United States,New York,New York,10024.0,East,TEC-PH-10175,Technology,Accessories,Accessories Item 175,$61.73,10,0.5,-8.78
372,CA-2023-100372,2023-01-23,2023-01-23,First Class,CG-10043,Customer_72,Home Office,United States,New York,New York,10024.0,South,TEC-PH-10372,Furniture,Tables,Tables Item 372,165.79,2,0.2,7.04
528,CA-2023-100528,2023-12-01,2023-12-01,Same Day,CG-10177,Customer_228,Consumer,United States,New York,New York,10024.0,West,TEC-PH-10528,Technology,Copiers,Copiers Item 528,67.78,1,0.1,-5.42
211,CA-2023-100211,2023-11-17,2023-11-17,Second Class,CG-10254,Customer_211,Consumer,United States,New York,New York,10024.0,South,TEC-PH-10211,Office Supplies,Paper,Paper Item 211,65.98,10,0.1,3.93
236,CA-2023-100236,2023-07-22,2023-07-22,Same Day,CG-10083,Customer_236,Home Office,United States,New York,New York,10024.0,South,TEC-PH-10236,Furniture,Bookcases,Bookcases Item 236,152.28,9,0.5,-11.2
102,CA-2023-100102,2023-10-12,2023-10-12,First Class,CG-10117,Customer_102,Consumer,United States,New York,New York,,West,TEC-PH-10102,Technology,Copiers,Copiers Item 102,95.07,1,0.3,-6.64
987,CA-2023-100987,2023-05-05,2023-05-05,Same Day,CG-10014,Customer_87,Home Office,United States,New York,New York,10024.0,South,TEC-PH-10987,Office Supplies,Storage,Storage Item 987,64.21,1,0.15,-0.4
903,CA-2023-100903,2023-12-18,2023-12-18,Same Day,CG-10012,Customer_3,Home Office,United States,New York,New York,,East,TEC-PH-10903,Furniture,Chairs,Chairs Item 903,198.59,3,0.5,14.46
948,CA-2023-100948,2023-11-24,2023-11-24,Same Day,CG-10231,Customer_48,Corporate,United States,New York,New York,10024.0,South,TEC-PH-10948,Furniture,Furnishings,Furnishings Item 948,314.43,4,0.2,40.45
347,CA-2023-100347,2023-06-15,2023-06-15,Second Class,CG-10152,Customer_47,Home Office,United States,New York,New York,,West,TEC-PH-10347,Technology,Copiers,Copiers Item 347,$85.38,7,0.5,-2.3
140,CA-2023-100140,2023-07-11,2023-07-11,Same Day,CG-10208,Customer_140,Corporate,United States,New York,New York,10024.0,South,TEC-PH-10140,Office Supplies,Paper,Paper Item 140,260.41,4,0.5,8.34
622,CA-2023-100622,2023-05-26,2023-05-26,Second Class,CG-10256,Customer_22,Corporate,United States,New York,New York,10024.0,North,TEC-PH-10622,Technology,Copiers,Copiers Item 622,$29.57,2,0.1,-6.79
500,CA-2023-100500,2023-04-17,2023-04-17,Standard Class,CG-10001,Customer_200,Home Office,United States,New York,New York,,South,TEC-PH-10500,Office Supplies,Storage,Storage Item 500,$512.83,2,0.3,70.49
371,CA-2023-100371,2023-03-01,2023-03-01,Same Day,CG-10260,Customer_71,Home Office,United States,New York,New York,,North,TEC-PH-10371,Technology,Accessories,Accessories Item 371,$313.62,9,0.5,22.62
